model,condition,seed,n_ontology_features,ontology_features,macro_f1,accuracy,support_negative,support_neutral,support_positive,f1_negative,f1_neutral,f1_positive,best_epoch,best_val_macro_f1,runtime_seconds,device,semantic_input_profile,classifier_head
CNN1D,BSL,42,0,,0.5174988293267863,0.5975232198142415,48,119,156,0.3333333333333333,0.5069124423963134,0.7122507122507122,8,0.5922011318021925,531.6444,cpu,text_only,pooled_plus_optional_semantic_to_hidden128_to_output
CNN1D,ENR_full_37,42,37,ont_InteligenciaArtificial_Positivo|ont_InteligenciaArtificial_Negativo|ont_InteligenciaArtificial_Neutro|ont_AprendizajeAutomatico_Positivo|ont_AprendizajeAutomatico_Negativo|ont_AprendizajeAutomatico_Neutro|ont_Tecnologia_Positivo|ont_Tecnologia_Negativo|ont_Tecnologia_Neutro|ont_Futuro_Positivo|ont_Futuro_Negativo|ont_Futuro_Neutro|ont_Datos_Positivo|ont_Datos_Negativo|ont_Datos_Neutro|ont_Algoritmo_Positivo|ont_Algoritmo_Negativo|ont_Algoritmo_Neutro|ont_Robot_Positivo|ont_Robot_Negativo|ont_Robot_Neutro|ont_Automatizacion_Positivo|ont_Automatizacion_Negativo|ont_Automatizacion_Neutro|ont_Etica_Positivo|ont_Etica_Negativo|ont_Etica_Neutro|ont_Innovacion_Positivo|ont_Innovacion_Negativo|ont_Innovacion_Neutro|ont_has_ontology_elements|ont_count_domain_concepts|ont_total_positivo_mentions|ont_total_negativo_mentions|ont_total_neutro_mentions|ont_domain_score|ont_domain_density,0.5425421069149493,0.6191950464396285,48,119,156,0.3291139240506329,0.5785123966942148,0.72,4,0.5633234956006544,369.7648,cpu,train_standardized_float32,pooled_plus_optional_semantic_to_hidden128_to_output
CNN1D,ENR_selected,42,6,ont_domain_density|ont_total_negativo_mentions|ont_InteligenciaArtificial_Negativo|ont_Innovacion_Neutro|ont_Etica_Negativo|ont_Tecnologia_Neutro,0.5357843122229137,0.6130030959752322,48,119,156,0.3287671232876712,0.5691056910569106,0.709480122324159,7,0.5436576304743747,491.9583,cpu,train_standardized_float32,pooled_plus_optional_semantic_to_hidden128_to_output
CNN1D,drop_ai,42,34,ont_AprendizajeAutomatico_Positivo|ont_AprendizajeAutomatico_Negativo|ont_AprendizajeAutomatico_Neutro|ont_Tecnologia_Positivo|ont_Tecnologia_Negativo|ont_Tecnologia_Neutro|ont_Futuro_Positivo|ont_Futuro_Negativo|ont_Futuro_Neutro|ont_Datos_Positivo|ont_Datos_Negativo|ont_Datos_Neutro|ont_Algoritmo_Positivo|ont_Algoritmo_Negativo|ont_Algoritmo_Neutro|ont_Robot_Positivo|ont_Robot_Negativo|ont_Robot_Neutro|ont_Automatizacion_Positivo|ont_Automatizacion_Negativo|ont_Automatizacion_Neutro|ont_Etica_Positivo|ont_Etica_Negativo|ont_Etica_Neutro|ont_Innovacion_Positivo|ont_Innovacion_Negativo|ont_Innovacion_Neutro|ont_has_ontology_elements|ont_count_domain_concepts|ont_total_positivo_mentions|ont_total_negativo_mentions|ont_total_neutro_mentions|ont_domain_score|ont_domain_density,0.5249231262593086,0.6068111455108359,48,119,156,0.2894736842105263,0.5849802371541502,0.7003154574132492,7,0.5376984126984127,485.7066,cpu,train_standardized_float32,pooled_plus_optional_semantic_to_hidden128_to_output
CNN1D,drop_ml,42,34,ont_InteligenciaArtificial_Positivo|ont_InteligenciaArtificial_Negativo|ont_InteligenciaArtificial_Neutro|ont_Tecnologia_Positivo|ont_Tecnologia_Negativo|ont_Tecnologia_Neutro|ont_Futuro_Positivo|ont_Futuro_Negativo|ont_Futuro_Neutro|ont_Datos_Positivo|ont_Datos_Negativo|ont_Datos_Neutro|ont_Algoritmo_Positivo|ont_Algoritmo_Negativo|ont_Algoritmo_Neutro|ont_Robot_Positivo|ont_Robot_Negativo|ont_Robot_Neutro|ont_Automatizacion_Positivo|ont_Automatizacion_Negativo|ont_Automatizacion_Neutro|ont_Etica_Positivo|ont_Etica_Negativo|ont_Etica_Neutro|ont_Innovacion_Positivo|ont_Innovacion_Negativo|ont_Innovacion_Neutro|ont_has_ontology_elements|ont_count_domain_concepts|ont_total_positivo_mentions|ont_total_negativo_mentions|ont_total_neutro_mentions|ont_domain_score|ont_domain_density,0.5129006533977759,0.6006191950464397,48,119,156,0.29850746268656714,0.5407725321888412,0.6994219653179191,11,0.5549220944692864,626.8058,cpu,train_standardized_float32,pooled_plus_optional_semantic_to_hidden128_to_output
CNN1D,drop_technology,42,34,ont_InteligenciaArtificial_Positivo|ont_InteligenciaArtificial_Negativo|ont_InteligenciaArtificial_Neutro|ont_AprendizajeAutomatico_Positivo|ont_AprendizajeAutomatico_Negativo|ont_AprendizajeAutomatico_Neutro|ont_Futuro_Positivo|ont_Futuro_Negativo|ont_Futuro_Neutro|ont_Datos_Positivo|ont_Datos_Negativo|ont_Datos_Neutro|ont_Algoritmo_Positivo|ont_Algoritmo_Negativo|ont_Algoritmo_Neutro|ont_Robot_Positivo|ont_Robot_Negativo|ont_Robot_Neutro|ont_Automatizacion_Positivo|ont_Automatizacion_Negativo|ont_Automatizacion_Neutro|ont_Etica_Positivo|ont_Etica_Negativo|ont_Etica_Neutro|ont_Innovacion_Positivo|ont_Innovacion_Negativo|ont_Innovacion_Neutro|ont_has_ontology_elements|ont_count_domain_concepts|ont_total_positivo_mentions|ont_total_negativo_mentions|ont_total_neutro_mentions|ont_domain_score|ont_domain_density,0.5065241832695193,0.5820433436532507,48,119,156,0.3170731707317073,0.5022026431718062,0.7002967359050445,8,0.5592504409171076,511.2912,cpu,train_standardized_float32,pooled_plus_optional_semantic_to_hidden128_to_output
CNN1D,drop_future,42,34,ont_InteligenciaArtificial_Positivo|ont_InteligenciaArtificial_Negativo|ont_InteligenciaArtificial_Neutro|ont_AprendizajeAutomatico_Positivo|ont_AprendizajeAutomatico_Negativo|ont_AprendizajeAutomatico_Neutro|ont_Tecnologia_Positivo|ont_Tecnologia_Negativo|ont_Tecnologia_Neutro|ont_Datos_Positivo|ont_Datos_Negativo|ont_Datos_Neutro|ont_Algoritmo_Positivo|ont_Algoritmo_Negativo|ont_Algoritmo_Neutro|ont_Robot_Positivo|ont_Robot_Negativo|ont_Robot_Neutro|ont_Automatizacion_Positivo|ont_Automatizacion_Negativo|ont_Automatizacion_Neutro|ont_Etica_Positivo|ont_Etica_Negativo|ont_Etica_Neutro|ont_Innovacion_Positivo|ont_Innovacion_Negativo|ont_Innovacion_Neutro|ont_has_ontology_elements|ont_count_domain_concepts|ont_total_positivo_mentions|ont_total_negativo_mentions|ont_total_neutro_mentions|ont_domain_score|ont_domain_density,0.4639413337654972,0.5696594427244582,48,119,156,0.3170731707317073,0.36046511627906974,0.7142857142857143,6,0.5337647631880262,441.7357,cpu,train_standardized_float32,pooled_plus_optional_semantic_to_hidden128_to_output
CNN1D,drop_data,42,34,ont_InteligenciaArtificial_Positivo|ont_InteligenciaArtificial_Negativo|ont_InteligenciaArtificial_Neutro|ont_AprendizajeAutomatico_Positivo|ont_AprendizajeAutomatico_Negativo|ont_AprendizajeAutomatico_Neutro|ont_Tecnologia_Positivo|ont_Tecnologia_Negativo|ont_Tecnologia_Neutro|ont_Futuro_Positivo|ont_Futuro_Negativo|ont_Futuro_Neutro|ont_Algoritmo_Positivo|ont_Algoritmo_Negativo|ont_Algoritmo_Neutro|ont_Robot_Positivo|ont_Robot_Negativo|ont_Robot_Neutro|ont_Automatizacion_Positivo|ont_Automatizacion_Negativo|ont_Automatizacion_Neutro|ont_Etica_Positivo|ont_Etica_Negativo|ont_Etica_Neutro|ont_Innovacion_Positivo|ont_Innovacion_Negativo|ont_Innovacion_Neutro|ont_has_ontology_elements|ont_count_domain_concepts|ont_total_positivo_mentions|ont_total_negativo_mentions|ont_total_neutro_mentions|ont_domain_score|ont_domain_density,0.5204562256617051,0.6068111455108359,48,119,156,0.3116883116883117,0.5296803652968036,0.72,8,0.5463785666960647,513.0862,cpu,train_standardized_float32,pooled_plus_optional_semantic_to_hidden128_to_output
CNN1D,drop_algorithm,42,34,ont_InteligenciaArtificial_Positivo|ont_InteligenciaArtificial_Negativo|ont_InteligenciaArtificial_Neutro|ont_AprendizajeAutomatico_Positivo|ont_AprendizajeAutomatico_Negativo|ont_AprendizajeAutomatico_Neutro|ont_Tecnologia_Positivo|ont_Tecnologia_Negativo|ont_Tecnologia_Neutro|ont_Futuro_Positivo|ont_Futuro_Negativo|ont_Futuro_Neutro|ont_Datos_Positivo|ont_Datos_Negativo|ont_Datos_Neutro|ont_Robot_Positivo|ont_Robot_Negativo|ont_Robot_Neutro|ont_Automatizacion_Positivo|ont_Automatizacion_Negativo|ont_Automatizacion_Neutro|ont_Etica_Positivo|ont_Etica_Negativo|ont_Etica_Neutro|ont_Innovacion_Positivo|ont_Innovacion_Negativo|ont_Innovacion_Neutro|ont_has_ontology_elements|ont_count_domain_concepts|ont_total_positivo_mentions|ont_total_negativo_mentions|ont_total_neutro_mentions|ont_domain_score|ont_domain_density,0.5065467631767652,0.6006191950464397,48,119,156,0.3287671232876712,0.46938775510204084,0.7214854111405835,6,0.5345844382493598,425.1932,cpu,train_standardized_float32,pooled_plus_optional_semantic_to_hidden128_to_output
CNN1D,drop_robot,42,34,ont_InteligenciaArtificial_Positivo|ont_InteligenciaArtificial_Negativo|ont_InteligenciaArtificial_Neutro|ont_AprendizajeAutomatico_Positivo|ont_AprendizajeAutomatico_Negativo|ont_AprendizajeAutomatico_Neutro|ont_Tecnologia_Positivo|ont_Tecnologia_Negativo|ont_Tecnologia_Neutro|ont_Futuro_Positivo|ont_Futuro_Negativo|ont_Futuro_Neutro|ont_Datos_Positivo|ont_Datos_Negativo|ont_Datos_Neutro|ont_Algoritmo_Positivo|ont_Algoritmo_Negativo|ont_Algoritmo_Neutro|ont_Automatizacion_Positivo|ont_Automatizacion_Negativo|ont_Automatizacion_Neutro|ont_Etica_Positivo|ont_Etica_Negativo|ont_Etica_Neutro|ont_Innovacion_Positivo|ont_Innovacion_Negativo|ont_Innovacion_Neutro|ont_has_ontology_elements|ont_count_domain_concepts|ont_total_positivo_mentions|ont_total_negativo_mentions|ont_total_neutro_mentions|ont_domain_score|ont_domain_density,0.46444065318059957,0.56656346749226,48,119,156,0.26666666666666666,0.42424242424242425,0.7024128686327078,20,0.5606554016971619,763.0953,cpu,train_standardized_float32,pooled_plus_optional_semantic_to_hidden128_to_output
CNN1D,drop_automation,42,34,ont_InteligenciaArtificial_Positivo|ont_InteligenciaArtificial_Negativo|ont_InteligenciaArtificial_Neutro|ont_AprendizajeAutomatico_Positivo|ont_AprendizajeAutomatico_Negativo|ont_AprendizajeAutomatico_Neutro|ont_Tecnologia_Positivo|ont_Tecnologia_Negativo|ont_Tecnologia_Neutro|ont_Futuro_Positivo|ont_Futuro_Negativo|ont_Futuro_Neutro|ont_Datos_Positivo|ont_Datos_Negativo|ont_Datos_Neutro|ont_Algoritmo_Positivo|ont_Algoritmo_Negativo|ont_Algoritmo_Neutro|ont_Robot_Positivo|ont_Robot_Negativo|ont_Robot_Neutro|ont_Etica_Positivo|ont_Etica_Negativo|ont_Etica_Neutro|ont_Innovacion_Positivo|ont_Innovacion_Negativo|ont_Innovacion_Neutro|ont_has_ontology_elements|ont_count_domain_concepts|ont_total_positivo_mentions|ont_total_negativo_mentions|ont_total_neutro_mentions|ont_domain_score|ont_domain_density,0.4969646120403326,0.5758513931888545,48,119,156,0.3146067415730337,0.47342995169082125,0.7028571428571428,8,0.546382840785991,497.5952,cpu,train_standardized_float32,pooled_plus_optional_semantic_to_hidden128_to_output
CNN1D,drop_ethics,42,34,ont_InteligenciaArtificial_Positivo|ont_InteligenciaArtificial_Negativo|ont_InteligenciaArtificial_Neutro|ont_AprendizajeAutomatico_Positivo|ont_AprendizajeAutomatico_Negativo|ont_AprendizajeAutomatico_Neutro|ont_Tecnologia_Positivo|ont_Tecnologia_Negativo|ont_Tecnologia_Neutro|ont_Futuro_Positivo|ont_Futuro_Negativo|ont_Futuro_Neutro|ont_Datos_Positivo|ont_Datos_Negativo|ont_Datos_Neutro|ont_Algoritmo_Positivo|ont_Algoritmo_Negativo|ont_Algoritmo_Neutro|ont_Robot_Positivo|ont_Robot_Negativo|ont_Robot_Neutro|ont_Automatizacion_Positivo|ont_Automatizacion_Negativo|ont_Automatizacion_Neutro|ont_Innovacion_Positivo|ont_Innovacion_Negativo|ont_Innovacion_Neutro|ont_has_ontology_elements|ont_count_domain_concepts|ont_total_positivo_mentions|ont_total_negativo_mentions|ont_total_neutro_mentions|ont_domain_score|ont_domain_density,0.48211893583724574,0.5851393188854489,48,119,156,0.28169014084507044,0.45,0.7146666666666667,11,0.540861175041985,610.5744,cpu,train_standardized_float32,pooled_plus_optional_semantic_to_hidden128_to_output
CNN1D,drop_innovation,42,34,ont_InteligenciaArtificial_Positivo|ont_InteligenciaArtificial_Negativo|ont_InteligenciaArtificial_Neutro|ont_AprendizajeAutomatico_Positivo|ont_AprendizajeAutomatico_Negativo|ont_AprendizajeAutomatico_Neutro|ont_Tecnologia_Positivo|ont_Tecnologia_Negativo|ont_Tecnologia_Neutro|ont_Futuro_Positivo|ont_Futuro_Negativo|ont_Futuro_Neutro|ont_Datos_Positivo|ont_Datos_Negativo|ont_Datos_Neutro|ont_Algoritmo_Positivo|ont_Algoritmo_Negativo|ont_Algoritmo_Neutro|ont_Robot_Positivo|ont_Robot_Negativo|ont_Robot_Neutro|ont_Automatizacion_Positivo|ont_Automatizacion_Negativo|ont_Automatizacion_Neutro|ont_Etica_Positivo|ont_Etica_Negativo|ont_Etica_Neutro|ont_has_ontology_elements|ont_count_domain_concepts|ont_total_positivo_mentions|ont_total_negativo_mentions|ont_total_neutro_mentions|ont_domain_score|ont_domain_density,0.48789722785665984,0.5944272445820433,48,119,156,0.27692307692307694,0.47058823529411764,0.7161803713527851,6,0.5547274756324868,421.0595,cpu,train_standardized_float32,pooled_plus_optional_semantic_to_hidden128_to_output
CNN1D,drop_global_counts,42,30,ont_InteligenciaArtificial_Positivo|ont_InteligenciaArtificial_Negativo|ont_InteligenciaArtificial_Neutro|ont_AprendizajeAutomatico_Positivo|ont_AprendizajeAutomatico_Negativo|ont_AprendizajeAutomatico_Neutro|ont_Tecnologia_Positivo|ont_Tecnologia_Negativo|ont_Tecnologia_Neutro|ont_Futuro_Positivo|ont_Futuro_Negativo|ont_Futuro_Neutro|ont_Datos_Positivo|ont_Datos_Negativo|ont_Datos_Neutro|ont_Algoritmo_Positivo|ont_Algoritmo_Negativo|ont_Algoritmo_Neutro|ont_Robot_Positivo|ont_Robot_Negativo|ont_Robot_Neutro|ont_Automatizacion_Positivo|ont_Automatizacion_Negativo|ont_Automatizacion_Neutro|ont_Etica_Positivo|ont_Etica_Negativo|ont_Etica_Neutro|ont_Innovacion_Positivo|ont_Innovacion_Negativo|ont_Innovacion_Neutro,0.5239943801070434,0.6191950464396285,48,119,156,0.3235294117647059,0.5167464114832536,0.7317073170731707,6,0.5331012034443408,419.1929,cpu,train_standardized_float32,pooled_plus_optional_semantic_to_hidden128_to_output
CNN1D,BSL,123,0,,0.5182470354850625,0.6160990712074303,48,119,156,0.30985915492957744,0.507177033492823,0.7377049180327869,5,0.5683834975173557,385.2619,cpu,text_only,pooled_plus_optional_semantic_to_hidden128_to_output
CNN1D,ENR_full_37,123,37,ont_InteligenciaArtificial_Positivo|ont_InteligenciaArtificial_Negativo|ont_InteligenciaArtificial_Neutro|ont_AprendizajeAutomatico_Positivo|ont_AprendizajeAutomatico_Negativo|ont_AprendizajeAutomatico_Neutro|ont_Tecnologia_Positivo|ont_Tecnologia_Negativo|ont_Tecnologia_Neutro|ont_Futuro_Positivo|ont_Futuro_Negativo|ont_Futuro_Neutro|ont_Datos_Positivo|ont_Datos_Negativo|ont_Datos_Neutro|ont_Algoritmo_Positivo|ont_Algoritmo_Negativo|ont_Algoritmo_Neutro|ont_Robot_Positivo|ont_Robot_Negativo|ont_Robot_Neutro|ont_Automatizacion_Positivo|ont_Automatizacion_Negativo|ont_Automatizacion_Neutro|ont_Etica_Positivo|ont_Etica_Negativo|ont_Etica_Neutro|ont_Innovacion_Positivo|ont_Innovacion_Negativo|ont_Innovacion_Neutro|ont_has_ontology_elements|ont_count_domain_concepts|ont_total_positivo_mentions|ont_total_negativo_mentions|ont_total_neutro_mentions|ont_domain_score|ont_domain_density,0.5117475117475118,0.6037151702786377,48,119,156,0.30952380952380953,0.494949494949495,0.7307692307692307,5,0.5569568796319504,388.7863,cpu,train_standardized_float32,pooled_plus_optional_semantic_to_hidden128_to_output
CNN1D,ENR_selected,123,6,ont_domain_density|ont_total_negativo_mentions|ont_InteligenciaArtificial_Negativo|ont_Innovacion_Neutro|ont_Etica_Negativo|ont_Tecnologia_Neutro,0.5240504804072166,0.6099071207430341,48,119,156,0.3333333333333333,0.5161290322580645,0.7226890756302521,8,0.5660001581517112,501.1334,cpu,train_standardized_float32,pooled_plus_optional_semantic_to_hidden128_to_output
CNN1D,drop_ai,123,34,ont_AprendizajeAutomatico_Positivo|ont_AprendizajeAutomatico_Negativo|ont_AprendizajeAutomatico_Neutro|ont_Tecnologia_Positivo|ont_Tecnologia_Negativo|ont_Tecnologia_Neutro|ont_Futuro_Positivo|ont_Futuro_Negativo|ont_Futuro_Neutro|ont_Datos_Positivo|ont_Datos_Negativo|ont_Datos_Neutro|ont_Algoritmo_Positivo|ont_Algoritmo_Negativo|ont_Algoritmo_Neutro|ont_Robot_Positivo|ont_Robot_Negativo|ont_Robot_Neutro|ont_Automatizacion_Positivo|ont_Automatizacion_Negativo|ont_Automatizacion_Neutro|ont_Etica_Positivo|ont_Etica_Negativo|ont_Etica_Neutro|ont_Innovacion_Positivo|ont_Innovacion_Negativo|ont_Innovacion_Neutro|ont_has_ontology_elements|ont_count_domain_concepts|ont_total_positivo_mentions|ont_total_negativo_mentions|ont_total_neutro_mentions|ont_domain_score|ont_domain_density,0.46712017447311566,0.5882352941176471,48,119,156,0.20588235294117646,0.47115384615384615,0.7243243243243244,4,0.5569502090120647,349.9463,cpu,train_standardized_float32,pooled_plus_optional_semantic_to_hidden128_to_output
CNN1D,drop_ml,123,34,ont_InteligenciaArtificial_Positivo|ont_InteligenciaArtificial_Negativo|ont_InteligenciaArtificial_Neutro|ont_Tecnologia_Positivo|ont_Tecnologia_Negativo|ont_Tecnologia_Neutro|ont_Futuro_Positivo|ont_Futuro_Negativo|ont_Futuro_Neutro|ont_Datos_Positivo|ont_Datos_Negativo|ont_Datos_Neutro|ont_Algoritmo_Positivo|ont_Algoritmo_Negativo|ont_Algoritmo_Neutro|ont_Robot_Positivo|ont_Robot_Negativo|ont_Robot_Neutro|ont_Automatizacion_Positivo|ont_Automatizacion_Negativo|ont_Automatizacion_Neutro|ont_Etica_Positivo|ont_Etica_Negativo|ont_Etica_Neutro|ont_Innovacion_Positivo|ont_Innovacion_Negativo|ont_Innovacion_Neutro|ont_has_ontology_elements|ont_count_domain_concepts|ont_total_positivo_mentions|ont_total_negativo_mentions|ont_total_neutro_mentions|ont_domain_score|ont_domain_density,0.49946271222866967,0.5975232198142415,48,119,156,0.3055555555555556,0.47474747474747475,0.7180851063829787,4,0.5764578253802392,354.6601,cpu,train_standardized_float32,pooled_plus_optional_semantic_to_hidden128_to_output
CNN1D,drop_technology,123,34,ont_InteligenciaArtificial_Positivo|ont_InteligenciaArtificial_Negativo|ont_InteligenciaArtificial_Neutro|ont_AprendizajeAutomatico_Positivo|ont_AprendizajeAutomatico_Negativo|ont_AprendizajeAutomatico_Neutro|ont_Futuro_Positivo|ont_Futuro_Negativo|ont_Futuro_Neutro|ont_Datos_Positivo|ont_Datos_Negativo|ont_Datos_Neutro|ont_Algoritmo_Positivo|ont_Algoritmo_Negativo|ont_Algoritmo_Neutro|ont_Robot_Positivo|ont_Robot_Negativo|ont_Robot_Neutro|ont_Automatizacion_Positivo|ont_Automatizacion_Negativo|ont_Automatizacion_Neutro|ont_Etica_Positivo|ont_Etica_Negativo|ont_Etica_Neutro|ont_Innovacion_Positivo|ont_Innovacion_Negativo|ont_Innovacion_Neutro|ont_has_ontology_elements|ont_count_domain_concepts|ont_total_positivo_mentions|ont_total_negativo_mentions|ont_total_neutro_mentions|ont_domain_score|ont_domain_density,0.5150419845918522,0.6099071207430341,48,119,156,0.3116883116883117,0.49514563106796117,0.7382920110192838,4,0.5730556374234536,352.4823,cpu,train_standardized_float32,pooled_plus_optional_semantic_to_hidden128_to_output
CNN1D,drop_future,123,34,ont_InteligenciaArtificial_Positivo|ont_InteligenciaArtificial_Negativo|ont_InteligenciaArtificial_Neutro|ont_AprendizajeAutomatico_Positivo|ont_AprendizajeAutomatico_Negativo|ont_AprendizajeAutomatico_Neutro|ont_Tecnologia_Positivo|ont_Tecnologia_Negativo|ont_Tecnologia_Neutro|ont_Datos_Positivo|ont_Datos_Negativo|ont_Datos_Neutro|ont_Algoritmo_Positivo|ont_Algoritmo_Negativo|ont_Algoritmo_Neutro|ont_Robot_Positivo|ont_Robot_Negativo|ont_Robot_Neutro|ont_Automatizacion_Positivo|ont_Automatizacion_Negativo|ont_Automatizacion_Neutro|ont_Etica_Positivo|ont_Etica_Negativo|ont_Etica_Neutro|ont_Innovacion_Positivo|ont_Innovacion_Negativo|ont_Innovacion_Neutro|ont_has_ontology_elements|ont_count_domain_concepts|ont_total_positivo_mentions|ont_total_negativo_mentions|ont_total_neutro_mentions|ont_domain_score|ont_domain_density,0.5569651391798361,0.6160990712074303,48,119,156,0.43010752688172044,0.5145631067961165,0.7262247838616714,4,0.5619401768492825,345.3296,cpu,train_standardized_float32,pooled_plus_optional_semantic_to_hidden128_to_output
CNN1D,drop_data,123,34,ont_InteligenciaArtificial_Positivo|ont_InteligenciaArtificial_Negativo|ont_InteligenciaArtificial_Neutro|ont_AprendizajeAutomatico_Positivo|ont_AprendizajeAutomatico_Negativo|ont_AprendizajeAutomatico_Neutro|ont_Tecnologia_Positivo|ont_Tecnologia_Negativo|ont_Tecnologia_Neutro|ont_Futuro_Positivo|ont_Futuro_Negativo|ont_Futuro_Neutro|ont_Algoritmo_Positivo|ont_Algoritmo_Negativo|ont_Algoritmo_Neutro|ont_Robot_Positivo|ont_Robot_Negativo|ont_Robot_Neutro|ont_Automatizacion_Positivo|ont_Automatizacion_Negativo|ont_Automatizacion_Neutro|ont_Etica_Positivo|ont_Etica_Negativo|ont_Etica_Neutro|ont_Innovacion_Positivo|ont_Innovacion_Negativo|ont_Innovacion_Neutro|ont_has_ontology_elements|ont_count_domain_concepts|ont_total_positivo_mentions|ont_total_negativo_mentions|ont_total_neutro_mentions|ont_domain_score|ont_domain_density,0.5303336703741153,0.6160990712074303,48,119,156,0.3953488372093023,0.44565217391304346,0.75,4,0.5807332197905756,347.2442,cpu,train_standardized_float32,pooled_plus_optional_semantic_to_hidden128_to_output
CNN1D,drop_algorithm,123,34,ont_InteligenciaArtificial_Positivo|ont_InteligenciaArtificial_Negativo|ont_InteligenciaArtificial_Neutro|ont_AprendizajeAutomatico_Positivo|ont_AprendizajeAutomatico_Negativo|ont_AprendizajeAutomatico_Neutro|ont_Tecnologia_Positivo|ont_Tecnologia_Negativo|ont_Tecnologia_Neutro|ont_Futuro_Positivo|ont_Futuro_Negativo|ont_Futuro_Neutro|ont_Datos_Positivo|ont_Datos_Negativo|ont_Datos_Neutro|ont_Robot_Positivo|ont_Robot_Negativo|ont_Robot_Neutro|ont_Automatizacion_Positivo|ont_Automatizacion_Negativo|ont_Automatizacion_Neutro|ont_Etica_Positivo|ont_Etica_Negativo|ont_Etica_Neutro|ont_Innovacion_Positivo|ont_Innovacion_Negativo|ont_Innovacion_Neutro|ont_has_ontology_elements|ont_count_domain_concepts|ont_total_positivo_mentions|ont_total_negativo_mentions|ont_total_neutro_mentions|ont_domain_score|ont_domain_density,0.543858434846807,0.6191950464396285,48,119,156,0.3488372093023256,0.5446428571428571,0.7380952380952381,4,0.5525937966105089,346.3233,cpu,train_standardized_float32,pooled_plus_optional_semantic_to_hidden128_to_output
CNN1D,drop_robot,123,34,ont_InteligenciaArtificial_Positivo|ont_InteligenciaArtificial_Negativo|ont_InteligenciaArtificial_Neutro|ont_AprendizajeAutomatico_Positivo|ont_AprendizajeAutomatico_Negativo|ont_AprendizajeAutomatico_Neutro|ont_Tecnologia_Positivo|ont_Tecnologia_Negativo|ont_Tecnologia_Neutro|ont_Futuro_Positivo|ont_Futuro_Negativo|ont_Futuro_Neutro|ont_Datos_Positivo|ont_Datos_Negativo|ont_Datos_Neutro|ont_Algoritmo_Positivo|ont_Algoritmo_Negativo|ont_Algoritmo_Neutro|ont_Automatizacion_Positivo|ont_Automatizacion_Negativo|ont_Automatizacion_Neutro|ont_Etica_Positivo|ont_Etica_Negativo|ont_Etica_Neutro|ont_Innovacion_Positivo|ont_Innovacion_Negativo|ont_Innovacion_Neutro|ont_has_ontology_elements|ont_count_domain_concepts|ont_total_positivo_mentions|ont_total_negativo_mentions|ont_total_neutro_mentions|ont_domain_score|ont_domain_density,0.5113280982617394,0.6130030959752322,48,119,156,0.2647058823529412,0.5414847161572053,0.7277936962750716,4,0.5554396969031116,345.8183,cpu,train_standardized_float32,pooled_plus_optional_semantic_to_hidden128_to_output
CNN1D,drop_automation,123,34,ont_InteligenciaArtificial_Positivo|ont_InteligenciaArtificial_Negativo|ont_InteligenciaArtificial_Neutro|ont_AprendizajeAutomatico_Positivo|ont_AprendizajeAutomatico_Negativo|ont_AprendizajeAutomatico_Neutro|ont_Tecnologia_Positivo|ont_Tecnologia_Negativo|ont_Tecnologia_Neutro|ont_Futuro_Positivo|ont_Futuro_Negativo|ont_Futuro_Neutro|ont_Datos_Positivo|ont_Datos_Negativo|ont_Datos_Neutro|ont_Algoritmo_Positivo|ont_Algoritmo_Negativo|ont_Algoritmo_Neutro|ont_Robot_Positivo|ont_Robot_Negativo|ont_Robot_Neutro|ont_Etica_Positivo|ont_Etica_Negativo|ont_Etica_Neutro|ont_Innovacion_Positivo|ont_Innovacion_Negativo|ont_Innovacion_Neutro|ont_has_ontology_elements|ont_count_domain_concepts|ont_total_positivo_mentions|ont_total_negativo_mentions|ont_total_neutro_mentions|ont_domain_score|ont_domain_density,0.5176785556825068,0.6099071207430341,48,119,156,0.38461538461538464,0.4393063583815029,0.7291139240506329,4,0.5416952217780316,361.1655,cpu,train_standardized_float32,pooled_plus_optional_semantic_to_hidden128_to_output
CNN1D,drop_ethics,123,34,ont_InteligenciaArtificial_Positivo|ont_InteligenciaArtificial_Negativo|ont_InteligenciaArtificial_Neutro|ont_AprendizajeAutomatico_Positivo|ont_AprendizajeAutomatico_Negativo|ont_AprendizajeAutomatico_Neutro|ont_Tecnologia_Positivo|ont_Tecnologia_Negativo|ont_Tecnologia_Neutro|ont_Futuro_Positivo|ont_Futuro_Negativo|ont_Futuro_Neutro|ont_Datos_Positivo|ont_Datos_Negativo|ont_Datos_Neutro|ont_Algoritmo_Positivo|ont_Algoritmo_Negativo|ont_Algoritmo_Neutro|ont_Robot_Positivo|ont_Robot_Negativo|ont_Robot_Neutro|ont_Automatizacion_Positivo|ont_Automatizacion_Negativo|ont_Automatizacion_Neutro|ont_Innovacion_Positivo|ont_Innovacion_Negativo|ont_Innovacion_Neutro|ont_has_ontology_elements|ont_count_domain_concepts|ont_total_positivo_mentions|ont_total_negativo_mentions|ont_total_neutro_mentions|ont_domain_score|ont_domain_density,0.5173768234911839,0.6006191950464397,48,119,156,0.3595505617977528,0.4583333333333333,0.7342465753424657,4,0.5650886449728266,344.1276,cpu,train_standardized_float32,pooled_plus_optional_semantic_to_hidden128_to_output
CNN1D,drop_innovation,123,34,ont_InteligenciaArtificial_Positivo|ont_InteligenciaArtificial_Negativo|ont_InteligenciaArtificial_Neutro|ont_AprendizajeAutomatico_Positivo|ont_AprendizajeAutomatico_Negativo|ont_AprendizajeAutomatico_Neutro|ont_Tecnologia_Positivo|ont_Tecnologia_Negativo|ont_Tecnologia_Neutro|ont_Futuro_Positivo|ont_Futuro_Negativo|ont_Futuro_Neutro|ont_Datos_Positivo|ont_Datos_Negativo|ont_Datos_Neutro|ont_Algoritmo_Positivo|ont_Algoritmo_Negativo|ont_Algoritmo_Neutro|ont_Robot_Positivo|ont_Robot_Negativo|ont_Robot_Neutro|ont_Automatizacion_Positivo|ont_Automatizacion_Negativo|ont_Automatizacion_Neutro|ont_Etica_Positivo|ont_Etica_Negativo|ont_Etica_Neutro|ont_has_ontology_elements|ont_count_domain_concepts|ont_total_positivo_mentions|ont_total_negativo_mentions|ont_total_neutro_mentions|ont_domain_score|ont_domain_density,0.5002779757171429,0.5975232198142415,48,119,156,0.3055555555555556,0.4729064039408867,0.7223719676549866,4,0.5592820096513779,342.7419,cpu,train_standardized_float32,pooled_plus_optional_semantic_to_hidden128_to_output
CNN1D,drop_global_counts,123,30,ont_InteligenciaArtificial_Positivo|ont_InteligenciaArtificial_Negativo|ont_InteligenciaArtificial_Neutro|ont_AprendizajeAutomatico_Positivo|ont_AprendizajeAutomatico_Negativo|ont_AprendizajeAutomatico_Neutro|ont_Tecnologia_Positivo|ont_Tecnologia_Negativo|ont_Tecnologia_Neutro|ont_Futuro_Positivo|ont_Futuro_Negativo|ont_Futuro_Neutro|ont_Datos_Positivo|ont_Datos_Negativo|ont_Datos_Neutro|ont_Algoritmo_Positivo|ont_Algoritmo_Negativo|ont_Algoritmo_Neutro|ont_Robot_Positivo|ont_Robot_Negativo|ont_Robot_Neutro|ont_Automatizacion_Positivo|ont_Automatizacion_Negativo|ont_Automatizacion_Neutro|ont_Etica_Positivo|ont_Etica_Negativo|ont_Etica_Neutro|ont_Innovacion_Positivo|ont_Innovacion_Negativo|ont_Innovacion_Neutro,0.4802541701766508,0.5758513931888545,48,119,156,0.32558139534883723,0.3956043956043956,0.7195767195767195,6,0.5375020983878459,418.6262,cpu,train_standardized_float32,pooled_plus_optional_semantic_to_hidden128_to_output
CNN1D,BSL,2024,0,,0.48698250106700813,0.6068111455108359,48,119,156,0.2,0.5454545454545454,0.7154929577464789,8,0.5586290708347877,491.8644,cpu,text_only,pooled_plus_optional_semantic_to_hidden128_to_output
CNN1D,ENR_full_37,2024,37,ont_InteligenciaArtificial_Positivo|ont_InteligenciaArtificial_Negativo|ont_InteligenciaArtificial_Neutro|ont_AprendizajeAutomatico_Positivo|ont_AprendizajeAutomatico_Negativo|ont_AprendizajeAutomatico_Neutro|ont_Tecnologia_Positivo|ont_Tecnologia_Negativo|ont_Tecnologia_Neutro|ont_Futuro_Positivo|ont_Futuro_Negativo|ont_Futuro_Neutro|ont_Datos_Positivo|ont_Datos_Negativo|ont_Datos_Neutro|ont_Algoritmo_Positivo|ont_Algoritmo_Negativo|ont_Algoritmo_Neutro|ont_Robot_Positivo|ont_Robot_Negativo|ont_Robot_Neutro|ont_Automatizacion_Positivo|ont_Automatizacion_Negativo|ont_Automatizacion_Neutro|ont_Etica_Positivo|ont_Etica_Negativo|ont_Etica_Neutro|ont_Innovacion_Positivo|ont_Innovacion_Negativo|ont_Innovacion_Neutro|ont_has_ontology_elements|ont_count_domain_concepts|ont_total_positivo_mentions|ont_total_negativo_mentions|ont_total_neutro_mentions|ont_domain_score|ont_domain_density,0.539897733041142,0.6160990712074303,48,119,156,0.3333333333333333,0.582995951417004,0.7033639143730887,8,0.5673388282858628,490.8393,cpu,train_standardized_float32,pooled_plus_optional_semantic_to_hidden128_to_output
CNN1D,ENR_selected,2024,6,ont_domain_density|ont_total_negativo_mentions|ont_InteligenciaArtificial_Negativo|ont_Innovacion_Neutro|ont_Etica_Negativo|ont_Tecnologia_Neutro,0.5225498273929435,0.6222910216718266,48,119,156,0.26666666666666666,0.5836575875486382,0.7173252279635258,6,0.5636134708140124,416.5038,cpu,train_standardized_float32,pooled_plus_optional_semantic_to_hidden128_to_output
CNN1D,drop_ai,2024,34,ont_AprendizajeAutomatico_Positivo|ont_AprendizajeAutomatico_Negativo|ont_AprendizajeAutomatico_Neutro|ont_Tecnologia_Positivo|ont_Tecnologia_Negativo|ont_Tecnologia_Neutro|ont_Futuro_Positivo|ont_Futuro_Negativo|ont_Futuro_Neutro|ont_Datos_Positivo|ont_Datos_Negativo|ont_Datos_Neutro|ont_Algoritmo_Positivo|ont_Algoritmo_Negativo|ont_Algoritmo_Neutro|ont_Robot_Positivo|ont_Robot_Negativo|ont_Robot_Neutro|ont_Automatizacion_Positivo|ont_Automatizacion_Negativo|ont_Automatizacion_Neutro|ont_Etica_Positivo|ont_Etica_Negativo|ont_Etica_Neutro|ont_Innovacion_Positivo|ont_Innovacion_Negativo|ont_Innovacion_Neutro|ont_has_ontology_elements|ont_count_domain_concepts|ont_total_positivo_mentions|ont_total_negativo_mentions|ont_total_neutro_mentions|ont_domain_score|ont_domain_density,0.497216741359356,0.5479876160990712,48,119,156,0.3508771929824561,0.45045045045045046,0.6903225806451613,5,0.5423948408275096,379.0622,cpu,train_standardized_float32,pooled_plus_optional_semantic_to_hidden128_to_output
CNN1D,drop_ml,2024,34,ont_InteligenciaArtificial_Positivo|ont_InteligenciaArtificial_Negativo|ont_InteligenciaArtificial_Neutro|ont_Tecnologia_Positivo|ont_Tecnologia_Negativo|ont_Tecnologia_Neutro|ont_Futuro_Positivo|ont_Futuro_Negativo|ont_Futuro_Neutro|ont_Datos_Positivo|ont_Datos_Negativo|ont_Datos_Neutro|ont_Algoritmo_Positivo|ont_Algoritmo_Negativo|ont_Algoritmo_Neutro|ont_Robot_Positivo|ont_Robot_Negativo|ont_Robot_Neutro|ont_Automatizacion_Positivo|ont_Automatizacion_Negativo|ont_Automatizacion_Neutro|ont_Etica_Positivo|ont_Etica_Negativo|ont_Etica_Neutro|ont_Innovacion_Positivo|ont_Innovacion_Negativo|ont_Innovacion_Neutro|ont_has_ontology_elements|ont_count_domain_concepts|ont_total_positivo_mentions|ont_total_negativo_mentions|ont_total_neutro_mentions|ont_domain_score|ont_domain_density,0.4782116520924052,0.5727554179566563,48,119,156,0.21875,0.5535055350553506,0.662379421221865,11,0.5431021437578815,600.0062,cpu,train_standardized_float32,pooled_plus_optional_semantic_to_hidden128_to_output
CNN1D,drop_technology,2024,34,ont_InteligenciaArtificial_Positivo|ont_InteligenciaArtificial_Negativo|ont_InteligenciaArtificial_Neutro|ont_AprendizajeAutomatico_Positivo|ont_AprendizajeAutomatico_Negativo|ont_AprendizajeAutomatico_Neutro|ont_Futuro_Positivo|ont_Futuro_Negativo|ont_Futuro_Neutro|ont_Datos_Positivo|ont_Datos_Negativo|ont_Datos_Neutro|ont_Algoritmo_Positivo|ont_Algoritmo_Negativo|ont_Algoritmo_Neutro|ont_Robot_Positivo|ont_Robot_Negativo|ont_Robot_Neutro|ont_Automatizacion_Positivo|ont_Automatizacion_Negativo|ont_Automatizacion_Neutro|ont_Etica_Positivo|ont_Etica_Negativo|ont_Etica_Neutro|ont_Innovacion_Positivo|ont_Innovacion_Negativo|ont_Innovacion_Neutro|ont_has_ontology_elements|ont_count_domain_concepts|ont_total_positivo_mentions|ont_total_negativo_mentions|ont_total_neutro_mentions|ont_domain_score|ont_domain_density,0.4425005717272697,0.5634674922600619,48,119,156,0.16666666666666666,0.47368421052631576,0.6871508379888268,8,0.5577649183727501,488.835,cpu,train_standardized_float32,pooled_plus_optional_semantic_to_hidden128_to_output
CNN1D,drop_future,2024,34,ont_InteligenciaArtificial_Positivo|ont_InteligenciaArtificial_Negativo|ont_InteligenciaArtificial_Neutro|ont_AprendizajeAutomatico_Positivo|ont_AprendizajeAutomatico_Negativo|ont_AprendizajeAutomatico_Neutro|ont_Tecnologia_Positivo|ont_Tecnologia_Negativo|ont_Tecnologia_Neutro|ont_Datos_Positivo|ont_Datos_Negativo|ont_Datos_Neutro|ont_Algoritmo_Positivo|ont_Algoritmo_Negativo|ont_Algoritmo_Neutro|ont_Robot_Positivo|ont_Robot_Negativo|ont_Robot_Neutro|ont_Automatizacion_Positivo|ont_Automatizacion_Negativo|ont_Automatizacion_Neutro|ont_Etica_Positivo|ont_Etica_Negativo|ont_Etica_Neutro|ont_Innovacion_Positivo|ont_Innovacion_Negativo|ont_Innovacion_Neutro|ont_has_ontology_elements|ont_count_domain_concepts|ont_total_positivo_mentions|ont_total_negativo_mentions|ont_total_neutro_mentions|ont_domain_score|ont_domain_density,0.4588055151182841,0.6099071207430341,48,119,156,0.10714285714285714,0.5429864253393665,0.7262872628726287,3,0.5656373012873659,303.7509,cpu,train_standardized_float32,pooled_plus_optional_semantic_to_hidden128_to_output
CNN1D,drop_data,2024,34,ont_InteligenciaArtificial_Positivo|ont_InteligenciaArtificial_Negativo|ont_InteligenciaArtificial_Neutro|ont_AprendizajeAutomatico_Positivo|ont_AprendizajeAutomatico_Negativo|ont_AprendizajeAutomatico_Neutro|ont_Tecnologia_Positivo|ont_Tecnologia_Negativo|ont_Tecnologia_Neutro|ont_Futuro_Positivo|ont_Futuro_Negativo|ont_Futuro_Neutro|ont_Algoritmo_Positivo|ont_Algoritmo_Negativo|ont_Algoritmo_Neutro|ont_Robot_Positivo|ont_Robot_Negativo|ont_Robot_Neutro|ont_Automatizacion_Positivo|ont_Automatizacion_Negativo|ont_Automatizacion_Neutro|ont_Etica_Positivo|ont_Etica_Negativo|ont_Etica_Neutro|ont_Innovacion_Positivo|ont_Innovacion_Negativo|ont_Innovacion_Neutro|ont_has_ontology_elements|ont_count_domain_concepts|ont_total_positivo_mentions|ont_total_negativo_mentions|ont_total_neutro_mentions|ont_domain_score|ont_domain_density,0.4674515643662649,0.6160990712074303,48,119,156,0.13333333333333333,0.5263157894736842,0.7427055702917772,3,0.5452006017251588,4329.731,cpu,train_standardized_float32,pooled_plus_optional_semantic_to_hidden128_to_output
CNN1D,drop_algorithm,2024,34,ont_InteligenciaArtificial_Positivo|ont_InteligenciaArtificial_Negativo|ont_InteligenciaArtificial_Neutro|ont_AprendizajeAutomatico_Positivo|ont_AprendizajeAutomatico_Negativo|ont_AprendizajeAutomatico_Neutro|ont_Tecnologia_Positivo|ont_Tecnologia_Negativo|ont_Tecnologia_Neutro|ont_Futuro_Positivo|ont_Futuro_Negativo|ont_Futuro_Neutro|ont_Datos_Positivo|ont_Datos_Negativo|ont_Datos_Neutro|ont_Robot_Positivo|ont_Robot_Negativo|ont_Robot_Neutro|ont_Automatizacion_Positivo|ont_Automatizacion_Negativo|ont_Automatizacion_Neutro|ont_Etica_Positivo|ont_Etica_Negativo|ont_Etica_Neutro|ont_Innovacion_Positivo|ont_Innovacion_Negativo|ont_Innovacion_Neutro|ont_has_ontology_elements|ont_count_domain_concepts|ont_total_positivo_mentions|ont_total_negativo_mentions|ont_total_neutro_mentions|ont_domain_score|ont_domain_density,0.4586034061768882,0.5913312693498453,48,119,156,0.13559322033898305,0.5316455696202531,0.7085714285714285,9,0.5537093196024977,3975.9906,cpu,train_standardized_float32,pooled_plus_optional_semantic_to_hidden128_to_output
CNN1D,drop_robot,2024,34,ont_InteligenciaArtificial_Positivo|ont_InteligenciaArtificial_Negativo|ont_InteligenciaArtificial_Neutro|ont_AprendizajeAutomatico_Positivo|ont_AprendizajeAutomatico_Negativo|ont_AprendizajeAutomatico_Neutro|ont_Tecnologia_Positivo|ont_Tecnologia_Negativo|ont_Tecnologia_Neutro|ont_Futuro_Positivo|ont_Futuro_Negativo|ont_Futuro_Neutro|ont_Datos_Positivo|ont_Datos_Negativo|ont_Datos_Neutro|ont_Algoritmo_Positivo|ont_Algoritmo_Negativo|ont_Algoritmo_Neutro|ont_Automatizacion_Positivo|ont_Automatizacion_Negativo|ont_Automatizacion_Neutro|ont_Etica_Positivo|ont_Etica_Negativo|ont_Etica_Neutro|ont_Innovacion_Positivo|ont_Innovacion_Negativo|ont_Innovacion_Neutro|ont_has_ontology_elements|ont_count_domain_concepts|ont_total_positivo_mentions|ont_total_negativo_mentions|ont_total_neutro_mentions|ont_domain_score|ont_domain_density,0.5605760703996471,0.6130030959752322,48,119,156,0.4444444444444444,0.5221674876847291,0.7151162790697675,5,0.5558880502586656,364.8686,cpu,train_standardized_float32,pooled_plus_optional_semantic_to_hidden128_to_output
CNN1D,drop_automation,2024,34,ont_InteligenciaArtificial_Positivo|ont_InteligenciaArtificial_Negativo|ont_InteligenciaArtificial_Neutro|ont_AprendizajeAutomatico_Positivo|ont_AprendizajeAutomatico_Negativo|ont_AprendizajeAutomatico_Neutro|ont_Tecnologia_Positivo|ont_Tecnologia_Negativo|ont_Tecnologia_Neutro|ont_Futuro_Positivo|ont_Futuro_Negativo|ont_Futuro_Neutro|ont_Datos_Positivo|ont_Datos_Negativo|ont_Datos_Neutro|ont_Algoritmo_Positivo|ont_Algoritmo_Negativo|ont_Algoritmo_Neutro|ont_Robot_Positivo|ont_Robot_Negativo|ont_Robot_Neutro|ont_Etica_Positivo|ont_Etica_Negativo|ont_Etica_Neutro|ont_Innovacion_Positivo|ont_Innovacion_Negativo|ont_Innovacion_Neutro|ont_has_ontology_elements|ont_count_domain_concepts|ont_total_positivo_mentions|ont_total_negativo_mentions|ont_total_neutro_mentions|ont_domain_score|ont_domain_density,0.45268632942032055,0.5944272445820433,48,119,156,0.1016949152542373,0.5416666666666666,0.7146974063400576,9,0.5558918864590051,1962.3705,cpu,train_standardized_float32,pooled_plus_optional_semantic_to_hidden128_to_output
CNN1D,drop_ethics,2024,34,ont_InteligenciaArtificial_Positivo|ont_InteligenciaArtificial_Negativo|ont_InteligenciaArtificial_Neutro|ont_AprendizajeAutomatico_Positivo|ont_AprendizajeAutomatico_Negativo|ont_AprendizajeAutomatico_Neutro|ont_Tecnologia_Positivo|ont_Tecnologia_Negativo|ont_Tecnologia_Neutro|ont_Futuro_Positivo|ont_Futuro_Negativo|ont_Futuro_Neutro|ont_Datos_Positivo|ont_Datos_Negativo|ont_Datos_Neutro|ont_Algoritmo_Positivo|ont_Algoritmo_Negativo|ont_Algoritmo_Neutro|ont_Robot_Positivo|ont_Robot_Negativo|ont_Robot_Neutro|ont_Automatizacion_Positivo|ont_Automatizacion_Negativo|ont_Automatizacion_Neutro|ont_Innovacion_Positivo|ont_Innovacion_Negativo|ont_Innovacion_Neutro|ont_has_ontology_elements|ont_count_domain_concepts|ont_total_positivo_mentions|ont_total_negativo_mentions|ont_total_neutro_mentions|ont_domain_score|ont_domain_density,0.48603828590771864,0.6006191950464397,48,119,156,0.19047619047619047,0.5655737704918032,0.7020648967551623,8,0.5522655122655123,477.4897,cpu,train_standardized_float32,pooled_plus_optional_semantic_to_hidden128_to_output
CNN1D,drop_innovation,2024,34,ont_InteligenciaArtificial_Positivo|ont_InteligenciaArtificial_Negativo|ont_InteligenciaArtificial_Neutro|ont_AprendizajeAutomatico_Positivo|ont_AprendizajeAutomatico_Negativo|ont_AprendizajeAutomatico_Neutro|ont_Tecnologia_Positivo|ont_Tecnologia_Negativo|ont_Tecnologia_Neutro|ont_Futuro_Positivo|ont_Futuro_Negativo|ont_Futuro_Neutro|ont_Datos_Positivo|ont_Datos_Negativo|ont_Datos_Neutro|ont_Algoritmo_Positivo|ont_Algoritmo_Negativo|ont_Algoritmo_Neutro|ont_Robot_Positivo|ont_Robot_Negativo|ont_Robot_Neutro|ont_Automatizacion_Positivo|ont_Automatizacion_Negativo|ont_Automatizacion_Neutro|ont_Etica_Positivo|ont_Etica_Negativo|ont_Etica_Neutro|ont_has_ontology_elements|ont_count_domain_concepts|ont_total_positivo_mentions|ont_total_negativo_mentions|ont_total_neutro_mentions|ont_domain_score|ont_domain_density,0.5534683317627214,0.6068111455108359,48,119,156,0.4421052631578947,0.5073170731707317,0.7109826589595376,5,0.5676191279622801,386.0215,cpu,train_standardized_float32,pooled_plus_optional_semantic_to_hidden128_to_output
CNN1D,drop_global_counts,2024,30,ont_InteligenciaArtificial_Positivo|ont_InteligenciaArtificial_Negativo|ont_InteligenciaArtificial_Neutro|ont_AprendizajeAutomatico_Positivo|ont_AprendizajeAutomatico_Negativo|ont_AprendizajeAutomatico_Neutro|ont_Tecnologia_Positivo|ont_Tecnologia_Negativo|ont_Tecnologia_Neutro|ont_Futuro_Positivo|ont_Futuro_Negativo|ont_Futuro_Neutro|ont_Datos_Positivo|ont_Datos_Negativo|ont_Datos_Neutro|ont_Algoritmo_Positivo|ont_Algoritmo_Negativo|ont_Algoritmo_Neutro|ont_Robot_Positivo|ont_Robot_Negativo|ont_Robot_Neutro|ont_Automatizacion_Positivo|ont_Automatizacion_Negativo|ont_Automatizacion_Neutro|ont_Etica_Positivo|ont_Etica_Negativo|ont_Etica_Neutro|ont_Innovacion_Positivo|ont_Innovacion_Negativo|ont_Innovacion_Neutro,0.4604461636970667,0.5820433436532507,48,119,156,0.16393442622950818,0.5281385281385281,0.6892655367231638,3,0.5481649604718375,304.8947,cpu,train_standardized_float32,pooled_plus_optional_semantic_to_hidden128_to_output
