post_id,split,ont_domain_density,ont_InteligenciaArtificial_Negativo,ont_total_negativo_mentions,ont_Innovacion_Neutro,ont_Etica_Negativo,ont_InteligenciaArtificial_Neutro,ont_Tecnologia_Positivo
1mug8n6,train,0.041666666666666664,0.0,0.0,0.0,0.0,0.0,0.0
1n111of,train,0.034482758620689655,0.0,0.0,0.0,0.0,2.0,0.0
1n07dr6,train,0.0,0.0,0.0,0.0,0.0,0.0,0.0
1n07zib,train,0.0,0.0,0.0,0.0,0.0,0.0,0.0
1mwq1az,train,0.05555555555555555,0.0,0.0,0.0,0.0,0.0,0.0
1mxx49c,train,0.08333333333333333,0.0,0.0,0.0,0.0,1.0,0.0
1mpccws,train,0.0,0.0,0.0,0.0,0.0,0.0,0.0
1n0zrz4,train,0.06666666666666667,0.0,0.0,0.0,0.0,0.0,0.0
1n0xrbd,train,0.08333333333333333,0.0,0.0,0.0,0.0,0.0,0.0
1mwze3i,train,0.004651162790697674,0.0,0.0,0.0,0.0,0.0,0.0
1mztu7g,train,0.2222222222222222,0.0,0.0,0.0,0.0,1.0,0.0
1my0vmx,train,0.07692307692307693,0.0,0.0,1.0,0.0,0.0,0.0
1n1sp4y,train,0.08333333333333333,0.0,0.0,0.0,0.0,0.0,0.0
1mwdpoy,train,0.13333333333333333,0.0,0.0,0.0,0.0,1.0,0.0
1n0joca,train,0.09090909090909091,0.0,0.0,0.0,0.0,1.0,0.0
1munjuu,train,0.0,0.0,0.0,0.0,0.0,0.0,0.0
1my13or,train,0.05263157894736842,0.0,0.0,0.0,0.0,0.0,0.0
1my86as,train,0.09090909090909091,0.0,0.0,0.0,0.0,1.0,0.0
1mue9yv,train,0.07142857142857142,0.0,0.0,0.0,0.0,1.0,0.0
1n2vnfd,train,0.07142857142857142,0.0,0.0,0.0,0.0,1.0,0.0
1n35fvl,train,0.08333333333333333,0.0,0.0,0.0,0.0,1.0,0.0
1n1n0xg,train,0.2222222222222222,0.0,0.0,0.0,0.0,1.0,0.0
1n1e17v,train,0.037037037037037035,0.0,0.0,0.0,0.0,1.0,0.0
1mx9c6w,train,0.14285714285714285,0.0,0.0,0.0,0.0,1.0,0.0
1n3gogj,train,0.125,0.0,0.0,0.0,0.0,1.0,0.0
1mslmsu,train,0.0,0.0,0.0,0.0,0.0,0.0,0.0
1my67y2,train,0.0625,0.0,0.0,0.0,0.0,1.0,0.0
1n39yai,train,0.025,0.0,0.0,0.0,0.0,0.0,0.0
1n044bl,train,0.0,0.0,0.0,0.0,0.0,0.0,0.0
1n33b7m,train,0.1111111111111111,0.0,0.0,0.0,0.0,1.0,0.0
1n1r9xa,train,0.15384615384615385,0.0,0.0,0.0,0.0,0.0,0.0
1n0ujim,train,0.01639344262295082,0.0,0.0,0.0,0.0,0.0,0.0
1n1lz4s,train,0.1111111111111111,0.0,0.0,0.0,0.0,1.0,0.0
1n1dz6v,train,0.07692307692307693,0.0,0.0,0.0,0.0,1.0,0.0
1myzfk0,train,0.0,0.0,0.0,0.0,0.0,0.0,0.0
1msqibm,train,0.041666666666666664,0.0,0.0,0.0,0.0,1.0,0.0
1mzusfx,train,0.125,0.0,0.0,0.0,0.0,2.0,0.0
1mw60e1,train,0.1,0.0,0.0,0.0,0.0,1.0,0.0
1mzgln9,train,0.09090909090909091,0.0,0.0,0.0,0.0,0.0,1.0
1n3ebr1,train,0.007194244604316547,0.0,0.0,0.0,0.0,0.0,0.0
1mwpx1i,train,0.08333333333333333,0.0,0.0,0.0,0.0,0.0,0.0
1n1m7ek,train,0.08333333333333333,0.0,0.0,0.0,0.0,1.0,0.0
1n0jkq7,train,0.16666666666666666,1.0,1.0,0.0,0.0,0.0,0.0
1my9s6j,train,0.058823529411764705,0.0,0.0,0.0,0.0,0.0,0.0
1mwbrrx,train,0.09090909090909091,0.0,0.0,0.0,0.0,1.0,0.0
1mvsvld,train,0.1,0.0,0.0,0.0,0.0,0.0,1.0
1n0jmn0,train,0.06666666666666667,0.0,0.0,0.0,0.0,0.0,0.0
1n0czt9,train,0.0,0.0,0.0,0.0,0.0,0.0,0.0
1mztnyn,train,0.07692307692307693,0.0,0.0,0.0,0.0,1.0,0.0
1n1h3yt,train,0.07692307692307693,0.0,0.0,0.0,0.0,1.0,0.0
1n3bayh,train,0.0,0.0,0.0,0.0,0.0,0.0,0.0
1mvtff1,train,0.004484304932735426,0.0,0.0,0.0,0.0,1.0,0.0
1n019i8,train,0.0,0.0,0.0,0.0,0.0,0.0,0.0
1n2lala,train,0.058823529411764705,0.0,0.0,0.0,0.0,1.0,0.0
1n2afj1,train,0.09523809523809523,0.0,0.0,0.0,0.0,1.0,0.0
1n348s3,train,0.0625,0.0,0.0,0.0,0.0,1.0,0.0
1n1cejo,train,0.08333333333333333,0.0,0.0,0.0,0.0,1.0,0.0
1mxu739,train,0.07692307692307693,0.0,0.0,0.0,0.0,1.0,0.0
1n352wd,train,0.18181818181818182,0.0,0.0,0.0,0.0,1.0,0.0
1n0v5y7,train,0.07142857142857142,0.0,0.0,0.0,0.0,1.0,0.0
1n0864p,train,0.09090909090909091,0.0,0.0,0.0,0.0,1.0,0.0
1myi64u,train,0.125,1.0,1.0,0.0,0.0,0.0,0.0
1n0qr62,train,0.004651162790697674,0.0,0.0,0.0,0.0,0.0,0.0
1n2nsq6,train,0.002717391304347826,0.0,0.0,0.0,0.0,0.0,0.0
1muecog,train,0.04,0.0,0.0,0.0,0.0,1.0,0.0
1mxxdnh,train,0.05,0.0,0.0,0.0,0.0,0.0,0.0
1n02jgm,train,0.1,0.0,0.0,0.0,0.0,0.0,0.0
1my462y,train,0.08333333333333333,0.0,0.0,0.0,0.0,1.0,0.0
1mse1hx,train,0.125,0.0,0.0,0.0,0.0,1.0,0.0
1mzmial,train,0.006607929515418502,0.0,0.0,0.0,0.0,0.0,0.0
1n2agds,train,0.2,0.0,0.0,0.0,0.0,1.0,0.0
1mzs2pn,train,0.045454545454545456,0.0,0.0,0.0,0.0,2.0,0.0
1mxx3t0,train,0.1,0.0,0.0,0.0,0.0,1.0,0.0
1n2c52r,train,0.0,0.0,0.0,0.0,0.0,0.0,0.0
1mzfume,train,0.0,0.0,0.0,0.0,0.0,0.0,0.0
1n1xb5q,train,0.00881057268722467,0.0,1.0,0.0,0.0,1.0,0.0
1mzn4h1,train,0.008333333333333333,0.0,0.0,0.0,0.0,0.0,0.0
1n2swc2,train,0.026143790849673203,0.0,0.0,1.0,0.0,1.0,0.0
1mztq0w,train,0.06666666666666667,0.0,0.0,0.0,0.0,1.0,0.0
1mxu3oh,train,0.125,0.0,0.0,0.0,0.0,0.0,0.0
1n0z5f0,train,0.06666666666666667,0.0,0.0,0.0,0.0,1.0,0.0
1my9ip6,train,0.1111111111111111,0.0,0.0,0.0,0.0,1.0,0.0
1mxq709,train,0.037037037037037035,0.0,0.0,0.0,0.0,2.0,0.0
1n03up3,train,0.09090909090909091,0.0,0.0,0.0,0.0,1.0,0.0
1mzpoho,train,0.043478260869565216,0.0,0.0,0.0,0.0,0.0,0.0
1n10ulj,train,0.1,0.0,0.0,0.0,0.0,1.0,0.0
1n1c3fa,train,0.18181818181818182,0.0,0.0,0.0,0.0,1.0,0.0
1mztbft,train,0.06666666666666667,0.0,0.0,0.0,0.0,0.0,0.0
1n1tzfi,train,0.07692307692307693,0.0,0.0,0.0,0.0,2.0,0.0
1n36699,train,0.18181818181818182,0.0,0.0,0.0,0.0,1.0,0.0
1mzzyof,train,0.14285714285714285,0.0,0.0,0.0,0.0,0.0,0.0
1n2aiec,train,0.08333333333333333,0.0,0.0,0.0,0.0,1.0,0.0
1n121ip,train,0.1,0.0,0.0,0.0,0.0,0.0,0.0
1n2km6j,train,0.1111111111111111,0.0,0.0,0.0,0.0,0.0,0.0
1n0ji0c,train,0.025974025974025976,0.0,0.0,0.0,0.0,0.0,0.0
1n159ci,train,0.047619047619047616,0.0,0.0,0.0,0.0,1.0,0.0
1n0oyx9,train,0.14285714285714285,0.0,0.0,0.0,0.0,1.0,0.0
1n0vr5r,train,0.1,0.0,0.0,0.0,0.0,1.0,0.0
1n0xt7u,train,0.0021929824561403508,0.0,0.0,0.0,0.0,0.0,0.0
1n11kag,train,0.15384615384615385,0.0,0.0,0.0,0.0,2.0,0.0
1myz4xe,train,0.08333333333333333,0.0,0.0,0.0,0.0,1.0,0.0
1my03yt,train,0.1111111111111111,0.0,0.0,0.0,0.0,1.0,0.0
1mr28q4,train,0.0,0.0,0.0,0.0,0.0,0.0,0.0
1n0ka3u,train,0.0,0.0,0.0,0.0,0.0,0.0,0.0
1myamol,train,0.0,0.0,0.0,0.0,0.0,0.0,0.0
1mzh08i,train,0.00558659217877095,0.0,0.0,0.0,0.0,0.0,0.0
1n0f2vc,train,0.125,0.0,0.0,0.0,0.0,2.0,0.0
1mueakf,train,0.05263157894736842,1.0,1.0,0.0,0.0,0.0,0.0
1n161bd,train,0.0,0.0,0.0,0.0,0.0,0.0,0.0
1mxdgjd,train,0.017241379310344827,0.0,0.0,0.0,0.0,2.0,0.0
1muh982,train,0.05555555555555555,0.0,0.0,0.0,0.0,0.0,0.0
1mvc93a,train,0.0,0.0,0.0,0.0,0.0,0.0,0.0
1n1e8yb,train,0.0136986301369863,0.0,0.0,0.0,0.0,0.0,0.0
1n17rgw,train,0.07142857142857142,0.0,0.0,0.0,0.0,1.0,0.0
1n2e639,train,0.014388489208633094,0.0,0.0,1.0,0.0,0.0,0.0
1n0cj6b,train,0.16666666666666666,0.0,0.0,1.0,0.0,0.0,0.0
1mxgy4w,train,0.05263157894736842,0.0,0.0,0.0,0.0,0.0,0.0
1n3g91a,train,0.1,0.0,0.0,0.0,0.0,1.0,0.0
1mvr7lg,train,0.0,0.0,0.0,0.0,0.0,0.0,0.0
1mvde2o,train,0.07692307692307693,0.0,0.0,0.0,0.0,0.0,0.0
1n20u8s,train,0.1,0.0,0.0,0.0,0.0,0.0,0.0
1my1sda,train,0.09090909090909091,0.0,0.0,0.0,0.0,1.0,0.0
1mzshd4,train,0.10526315789473684,0.0,0.0,0.0,0.0,1.0,0.0
1n3cpkl,train,0.08333333333333333,0.0,0.0,0.0,0.0,0.0,0.0
1n18tj5,train,0.07692307692307693,0.0,0.0,0.0,0.0,1.0,0.0
1n202hx,train,0.006153846153846154,0.0,0.0,0.0,0.0,0.0,0.0
1mztd48,train,0.1,0.0,0.0,0.0,0.0,0.0,0.0
1n08941,train,0.08333333333333333,0.0,0.0,0.0,0.0,1.0,0.0
1mzm79r,train,0.041666666666666664,0.0,0.0,0.0,0.0,1.0,0.0
1mujn7k,train,0.05,0.0,0.0,0.0,0.0,0.0,0.0
1n2jcbi,train,0.1111111111111111,0.0,0.0,0.0,0.0,1.0,0.0
1n2bslr,train,0.004739336492890996,0.0,0.0,0.0,0.0,0.0,0.0
1mvgxl4,train,0.007142857142857143,0.0,0.0,0.0,0.0,0.0,0.0
1n18yvw,train,0.001949317738791423,0.0,0.0,0.0,0.0,0.0,0.0
1n3f9uz,train,0.15384615384615385,0.0,0.0,0.0,0.0,0.0,0.0
1n1m8v6,train,0.125,0.0,0.0,0.0,0.0,1.0,0.0
1my127l,train,0.0,0.0,0.0,0.0,0.0,0.0,0.0
1n0d4mu,train,0.0,0.0,0.0,0.0,0.0,0.0,0.0
1n37iw0,train,0.0625,0.0,0.0,0.0,0.0,0.0,0.0
1myamaa,train,0.0,0.0,0.0,0.0,0.0,0.0,0.0
1n37lqc,train,0.047619047619047616,0.0,0.0,0.0,0.0,0.0,0.0
1n0oidd,train,0.08333333333333333,0.0,0.0,0.0,0.0,1.0,0.0
1n1qqft,train,0.07142857142857142,0.0,0.0,0.0,0.0,0.0,0.0
1myl71n,train,0.05555555555555555,0.0,0.0,0.0,0.0,1.0,0.0
1mx640e,train,0.007246376811594203,0.0,0.0,0.0,0.0,0.0,0.0
1mybhcd,train,0.16666666666666666,0.0,0.0,0.0,0.0,1.0,0.0
1n07idm,train,0.0,0.0,0.0,0.0,0.0,0.0,0.0
1n2c85w,train,0.08333333333333333,0.0,0.0,0.0,0.0,0.0,0.0
1n2vlxc,train,0.14285714285714285,0.0,0.0,0.0,0.0,1.0,0.0
1n1c5co,train,0.043478260869565216,0.0,0.0,0.0,0.0,0.0,0.0
1n0veo8,train,0.0036231884057971015,0.0,0.0,0.0,0.0,0.0,0.0
1mym2k0,train,0.14285714285714285,0.0,0.0,0.0,0.0,0.0,0.0
1n0vknx,train,0.06666666666666667,0.0,0.0,0.0,0.0,1.0,0.0
1n1esxc,train,0.023255813953488372,0.0,0.0,0.0,0.0,0.0,0.0
1mzlh7p,train,0.06666666666666667,0.0,0.0,0.0,0.0,0.0,0.0
1n3bxtu,train,0.08333333333333333,0.0,0.0,0.0,0.0,0.0,0.0
1n3dyg2,train,0.0,0.0,0.0,0.0,0.0,0.0,0.0
1mza5gm,train,0.07692307692307693,0.0,0.0,0.0,0.0,1.0,0.0
1myteou,train,0.07142857142857142,0.0,0.0,0.0,0.0,1.0,0.0
1mvxrps,train,0.006097560975609756,0.0,0.0,0.0,0.0,3.0,0.0
1mzqv6x,train,0.006666666666666667,0.0,0.0,0.0,0.0,0.0,0.0
1mzu9qo,train,0.08333333333333333,0.0,0.0,0.0,0.0,0.0,0.0
1n2dymo,train,0.2,0.0,0.0,0.0,0.0,1.0,0.0
1n0szva,train,0.09090909090909091,0.0,0.0,0.0,0.0,1.0,0.0
1n2ui46,train,0.16666666666666666,0.0,0.0,0.0,0.0,0.0,0.0
1mylm2m,train,0.012987012987012988,0.0,0.0,0.0,0.0,0.0,0.0
1mtm6hn,train,0.375,0.0,0.0,0.0,0.0,1.0,0.0
1n0ngg7,train,0.05405405405405406,0.0,0.0,0.0,0.0,1.0,0.0
1mz6c28,train,0.09090909090909091,0.0,0.0,0.0,0.0,1.0,0.0
1n0voej,train,0.05,0.0,0.0,0.0,0.0,1.0,0.0
1mvw2lb,train,0.021739130434782608,0.0,0.0,1.0,0.0,0.0,0.0
1n0sz0f,train,0.0,0.0,0.0,0.0,0.0,0.0,0.0
1n0sz5a,train,0.09090909090909091,0.0,0.0,0.0,0.0,1.0,0.0
1n2a9k7,train,0.07142857142857142,0.0,0.0,0.0,0.0,1.0,0.0
1n0c3fh,train,0.07142857142857142,0.0,0.0,0.0,0.0,0.0,0.0
1n0c2ru,train,0.0,0.0,0.0,0.0,0.0,0.0,0.0
1mp5y9w,train,0.125,0.0,0.0,0.0,0.0,0.0,0.0
1n1l4or,train,0.08333333333333333,0.0,0.0,0.0,0.0,1.0,0.0
1n2poke,train,0.006711409395973154,0.0,0.0,0.0,0.0,0.0,0.0
1n0oaa5,train,0.08333333333333333,0.0,0.0,0.0,0.0,1.0,0.0
1n1a64f,train,0.08333333333333333,0.0,0.0,0.0,0.0,1.0,0.0
1n08h7w,train,0.007936507936507936,0.0,0.0,0.0,0.0,0.0,0.0
1n1i7rb,train,0.1111111111111111,0.0,0.0,0.0,0.0,0.0,0.0
1n00mg5,train,0.08333333333333333,0.0,0.0,0.0,0.0,1.0,0.0
1n1hw26,train,0.0,0.0,0.0,0.0,0.0,0.0,0.0
1n0ppmv,train,0.09090909090909091,0.0,0.0,0.0,0.0,1.0,0.0
1n0aa7u,train,0.034482758620689655,0.0,0.0,0.0,0.0,1.0,0.0
1mzpurn,train,0.0,0.0,0.0,0.0,0.0,0.0,0.0
1mzvip3,train,0.003568242640499554,0.0,0.0,1.0,0.0,0.0,0.0
1n1rxe8,train,0.034482758620689655,0.0,0.0,0.0,0.0,1.0,0.0
1n1furf,train,0.125,0.0,0.0,0.0,0.0,0.0,0.0
1mzajzp,train,0.07407407407407407,0.0,0.0,0.0,0.0,2.0,0.0
1myzo6w,train,0.25,1.0,2.0,0.0,0.0,0.0,0.0
1mpx1x2,train,0.02631578947368421,0.0,0.0,0.0,0.0,1.0,0.0
1n3cza3,train,0.1,0.0,0.0,0.0,0.0,0.0,0.0
1mzocny,train,0.05555555555555555,0.0,0.0,0.0,0.0,1.0,0.0
1mzrgre,train,0.058823529411764705,0.0,0.0,0.0,0.0,0.0,0.0
1mzperx,train,0.1111111111111111,0.0,0.0,0.0,0.0,1.0,0.0
1mxqcg8,train,0.0,0.0,0.0,0.0,0.0,0.0,0.0
1mzqfil,train,0.07692307692307693,0.0,0.0,0.0,0.0,0.0,0.0
1mzqkts,train,0.05,0.0,0.0,0.0,0.0,1.0,0.0
1mxh4oo,train,0.047619047619047616,0.0,0.0,0.0,0.0,1.0,0.0
1n2ra88,train,0.09090909090909091,0.0,0.0,0.0,0.0,0.0,0.0
1mxx55t,train,0.09090909090909091,0.0,0.0,0.0,0.0,1.0,0.0
1n1vq3j,train,0.0,0.0,0.0,0.0,0.0,0.0,0.0
1n0cog7,train,0.1,0.0,0.0,0.0,0.0,0.0,0.0
1mzfvgn,train,0.005649717514124294,0.0,0.0,0.0,0.0,0.0,0.0
1mz67tu,train,0.1,0.0,0.0,0.0,0.0,0.0,0.0
1n0ai5w,train,0.1111111111111111,0.0,0.0,0.0,0.0,0.0,0.0
1n1mvtq,train,0.058823529411764705,0.0,0.0,0.0,0.0,0.0,0.0
1mzeit2,train,0.0,0.0,0.0,0.0,0.0,0.0,0.0
1n3v6y5,train,0.006289308176100629,0.0,0.0,0.0,0.0,0.0,0.0
1n3lh27,train,0.09090909090909091,0.0,0.0,0.0,0.0,1.0,0.0
1n296fm,train,0.08333333333333333,0.0,0.0,0.0,0.0,1.0,0.0
1n3k9cs,train,0.05555555555555555,0.0,0.0,0.0,0.0,1.0,0.0
1n3y76g,train,0.04,0.0,0.0,0.0,0.0,0.0,0.0
1n0ay8f,train,0.03731343283582089,0.0,0.0,0.0,0.0,2.0,0.0
1n2lfsk,train,0.06666666666666667,0.0,0.0,0.0,0.0,1.0,0.0
1n3yg8y,train,0.11764705882352941,0.0,0.0,0.0,0.0,0.0,0.0
1n1y4kd,train,0.07142857142857142,0.0,0.0,0.0,0.0,1.0,0.0
1n3px41,train,0.06666666666666667,0.0,0.0,0.0,0.0,1.0,0.0
1n3kf5u,train,0.06666666666666667,0.0,0.0,0.0,0.0,1.0,0.0
1n2ez3k,train,0.0625,0.0,0.0,0.0,0.0,0.0,0.0
1n2n1ft,train,0.08333333333333333,0.0,0.0,0.0,0.0,0.0,0.0
1n1c3zp,train,0.1,0.0,0.0,0.0,0.0,0.0,0.0
1n3s7c8,train,0.14285714285714285,0.0,0.0,0.0,0.0,1.0,0.0
1n25x6e,train,0.043478260869565216,0.0,0.0,0.0,0.0,1.0,0.0
1mxsee0,train,0.0,0.0,0.0,0.0,0.0,0.0,0.0
1mxf5us,train,0.0,0.0,0.0,0.0,0.0,0.0,0.0
1n3mxi6,train,0.0040650406504065045,0.0,0.0,0.0,0.0,0.0,0.0
1mx714h,train,0.0,0.0,0.0,0.0,0.0,0.0,0.0
1n3m8c8,train,0.025,0.0,0.0,0.0,0.0,0.0,0.0
1n2gztn,train,0.07692307692307693,0.0,0.0,0.0,0.0,0.0,0.0
1n2otl6,train,0.07692307692307693,0.0,0.0,0.0,0.0,0.0,0.0
1n3w0pq,train,0.041666666666666664,0.0,0.0,0.0,0.0,1.0,0.0
1n2kawg,train,0.022727272727272728,0.0,0.0,0.0,0.0,0.0,0.0
1n1ehyy,train,0.08333333333333333,0.0,0.0,0.0,0.0,0.0,0.0
1n27but,train,0.08333333333333333,0.0,0.0,0.0,0.0,0.0,0.0
1n3mcrn,train,0.1,0.0,0.0,0.0,0.0,0.0,0.0
1n2aww9,train,0.07407407407407407,0.0,0.0,0.0,0.0,2.0,0.0
1n05bdb,train,0.0,0.0,0.0,0.0,0.0,0.0,0.0
1n054yf,train,0.06666666666666667,0.0,0.0,0.0,0.0,1.0,0.0
1n2aky1,train,0.007832898172323759,0.0,1.0,0.0,0.0,0.0,0.0
1n2v4s4,train,0.024096385542168676,0.0,0.0,0.0,0.0,0.0,0.0
1n40xf9,train,0.25,1.0,3.0,0.0,1.0,0.0,0.0
1n40hto,train,0.045454545454545456,0.0,0.0,0.0,0.0,1.0,0.0
1n408zv,train,0.017766497461928935,0.0,0.0,0.0,0.0,1.0,0.0
1n4061u,train,0.011627906976744186,0.0,0.0,0.0,0.0,0.0,0.0
1n0xd0i,train,0.009345794392523364,0.0,0.0,0.0,0.0,5.0,0.0
1n0fnak,train,0.0,0.0,0.0,0.0,0.0,0.0,0.0
1n0m3tz,train,0.1,0.0,0.0,0.0,0.0,0.0,0.0
1n0m8kb,train,0.1111111111111111,0.0,0.0,0.0,0.0,0.0,0.0
1n0idmt,train,0.011904761904761904,0.0,0.0,0.0,0.0,2.0,0.0
1n3p83k,train,0.009345794392523364,0.0,0.0,0.0,0.0,0.0,0.0
1mvm1yj,train,0.04,0.0,0.0,0.0,0.0,2.0,0.0
1mvzufa,train,0.14285714285714285,0.0,0.0,0.0,0.0,1.0,0.0
1mx18b7,train,0.0,0.0,0.0,0.0,0.0,0.0,0.0
1mwo9c4,train,0.09090909090909091,0.0,0.0,0.0,0.0,1.0,0.0
1n0ku5r,train,0.011049723756906077,0.0,0.0,0.0,0.0,0.0,0.0
1mw00bl,train,0.02857142857142857,0.0,0.0,0.0,0.0,0.0,0.0
1mvxvgd,train,0.16666666666666666,0.0,0.0,0.0,0.0,1.0,0.0
1mx6m9p,train,0.034482758620689655,0.0,0.0,0.0,0.0,0.0,0.0
1mx1p2c,train,0.1,0.0,0.0,0.0,0.0,1.0,0.0
1mvlli1,train,0.1,0.0,0.0,0.0,0.0,1.0,0.0
1mw1jbv,train,0.09090909090909091,0.0,0.0,0.0,0.0,1.0,0.0
1mx68jt,train,0.2222222222222222,0.0,0.0,0.0,0.0,0.0,0.0
1mxa159,train,0.06666666666666667,0.0,0.0,0.0,0.0,1.0,0.0
1mx5v5j,train,0.037037037037037035,0.0,0.0,0.0,0.0,1.0,0.0
1mwqeds,train,0.14285714285714285,0.0,0.0,0.0,0.0,1.0,0.0
1mx6fxi,train,0.125,0.0,0.0,0.0,0.0,2.0,0.0
1mxevy9,train,0.0,0.0,0.0,0.0,0.0,0.0,0.0
1mvvod6,train,0.16666666666666666,0.0,0.0,0.0,0.0,1.0,0.0
1mx6e3g,train,0.13333333333333333,0.0,0.0,0.0,0.0,1.0,0.0
1mx6oet,train,0.06896551724137931,0.0,0.0,0.0,0.0,2.0,0.0
1mwyenu,train,0.034482758620689655,0.0,0.0,0.0,0.0,0.0,0.0
1mx3h29,train,0.034482758620689655,0.0,0.0,0.0,0.0,0.0,0.0
1mvwth2,train,0.07692307692307693,0.0,0.0,0.0,0.0,0.0,0.0
1mvyu15,train,0.06666666666666667,0.0,0.0,0.0,0.0,1.0,0.0
1mx2eqg,train,0.05263157894736842,0.0,0.0,0.0,0.0,1.0,0.0
1mvob1p,train,0.09090909090909091,0.0,0.0,0.0,0.0,1.0,0.0
1mwqdmh,train,0.1,0.0,0.0,0.0,0.0,2.0,0.0
1mx53io,train,0.07692307692307693,0.0,0.0,0.0,0.0,1.0,0.0
1n0kjl5,train,0.0025974025974025974,0.0,0.0,0.0,0.0,0.0,0.0
1mzq0ky,train,0.0,0.0,0.0,0.0,0.0,0.0,0.0
1n2pecx,train,0.09090909090909091,0.0,0.0,0.0,0.0,0.0,0.0
1n3i990,train,0.09090909090909091,0.0,0.0,0.0,0.0,1.0,0.0
1n41vj2,train,0.08333333333333333,0.0,0.0,0.0,0.0,0.0,0.0
1n4256u,train,0.008077544426494346,0.0,0.0,0.0,0.0,1.0,0.0
1n0q3d8,train,0.13333333333333333,0.0,0.0,0.0,0.0,1.0,0.0
1n1rnwi,train,0.043478260869565216,0.0,0.0,0.0,0.0,1.0,0.0
1n3g8m3,train,0.06666666666666667,0.0,0.0,0.0,0.0,1.0,0.0
1mz1lb4,train,0.125,0.0,0.0,0.0,0.0,1.0,0.0
1mytws2,train,0.1111111111111111,0.0,0.0,0.0,0.0,1.0,0.0
1mqqvlp,train,0.0,0.0,0.0,0.0,0.0,0.0,0.0
1mr7lok,train,0.0,0.0,0.0,0.0,0.0,0.0,0.0
1mru22r,train,0.18181818181818182,0.0,0.0,0.0,0.0,1.0,0.0
1mrsa7v,train,0.03225806451612903,0.0,0.0,0.0,0.0,1.0,0.0
1mqzciz,train,0.02857142857142857,0.0,0.0,0.0,0.0,1.0,0.0
1ms4t9k,train,0.25,0.0,0.0,0.0,0.0,1.0,0.0
1mq8408,train,0.0,0.0,0.0,0.0,0.0,0.0,0.0
1mqst27,train,0.0,0.0,0.0,0.0,0.0,0.0,0.0
1mrhygk,train,0.14285714285714285,0.0,0.0,0.0,0.0,1.0,0.0
1mrkqqv,train,0.0,0.0,0.0,0.0,0.0,0.0,0.0
1mqtgtq,train,0.0,0.0,0.0,0.0,0.0,0.0,0.0
1mqtf5j,train,0.0,0.0,0.0,0.0,0.0,0.0,0.0
1mqtp2w,train,0.14285714285714285,0.0,0.0,0.0,0.0,0.0,0.0
1mrdhj3,train,0.03125,0.0,0.0,0.0,0.0,1.0,0.0
1mrut42,train,0.08333333333333333,0.0,0.0,0.0,0.0,1.0,0.0
1mqre16,train,0.0,0.0,0.0,0.0,0.0,0.0,0.0
1mrzdb9,train,0.08333333333333333,0.0,0.0,0.0,0.0,0.0,0.0
1mrkzle,train,0.125,0.0,0.0,0.0,0.0,1.0,0.0
1mqyv3c,train,0.0,0.0,0.0,0.0,0.0,0.0,0.0
1mrg6s6,train,0.1,0.0,0.0,0.0,0.0,1.0,0.0
1mqz8ce,train,0.0,0.0,0.0,0.0,0.0,0.0,0.0
1ms6tx8,train,0.0,0.0,0.0,0.0,0.0,0.0,0.0
1mr667z,train,0.03571428571428571,0.0,0.0,0.0,0.0,0.0,0.0
1nfebin,train,0.0070921985815602835,0.0,0.0,0.0,0.0,1.0,0.0
1mw2zto,train,0.002805049088359046,0.0,0.0,0.0,0.0,1.0,0.0
1mlrj2e,train,0.02830188679245283,0.0,0.0,0.0,0.0,0.0,0.0
1n7jwud,train,0.0,0.0,0.0,0.0,0.0,0.0,0.0
1n8am13,train,0.043478260869565216,0.0,0.0,0.0,0.0,0.0,0.0
1n97qlp,train,0.125,0.0,0.0,0.0,0.0,1.0,0.0
1n96fa5,train,0.06666666666666667,0.0,0.0,0.0,0.0,1.0,0.0
1n6g9pn,train,0.0,0.0,0.0,0.0,0.0,0.0,0.0
1n6g7ff,train,0.1111111111111111,0.0,0.0,0.0,0.0,1.0,0.0
1necv63,train,0.0,0.0,0.0,0.0,0.0,0.0,0.0
1nebm2h,train,0.14285714285714285,0.0,0.0,0.0,0.0,0.0,0.0
1ne7svc,train,0.1111111111111111,0.0,0.0,0.0,0.0,1.0,0.0
1nige7d,train,0.06666666666666667,0.0,0.0,0.0,0.0,1.0,0.0
1nixnsc,train,0.1,0.0,0.0,0.0,0.0,1.0,0.0
1niju3v,train,0.06666666666666667,0.0,0.0,0.0,0.0,0.0,0.0
1nibyr1,train,0.04,0.0,0.0,0.0,0.0,1.0,0.0
1njfybp,train,0.08333333333333333,0.0,0.0,0.0,0.0,1.0,0.0
1njb1ex,train,0.07692307692307693,0.0,0.0,0.0,0.0,1.0,0.0
1njh8vi,train,0.125,0.0,0.0,0.0,0.0,1.0,0.0
1nj8y01,train,0.09090909090909091,0.0,0.0,0.0,0.0,1.0,0.0
1ndmmku,train,0.1111111111111111,0.0,0.0,0.0,0.0,1.0,0.0
1nj91ui,train,0.08333333333333333,0.0,0.0,0.0,0.0,1.0,0.0
1ndkyf5,train,0.0,0.0,0.0,0.0,0.0,0.0,0.0
1ndbud5,train,0.05555555555555555,0.0,0.0,0.0,0.0,1.0,0.0
1ndva7s,train,0.08333333333333333,0.0,0.0,1.0,0.0,1.0,0.0
1ndb79a,train,0.038461538461538464,0.0,0.0,0.0,0.0,0.0,0.0
1ndbrar,train,0.029411764705882353,0.0,0.0,0.0,0.0,1.0,0.0
1nd4r0k,train,0.09090909090909091,0.0,0.0,0.0,0.0,1.0,0.0
1nci7al,train,0.058823529411764705,0.0,0.0,0.0,0.0,1.0,0.0
1nd4sw9,train,0.125,0.0,0.0,0.0,0.0,1.0,0.0
1ncq20v,train,0.034482758620689655,0.0,0.0,0.0,0.0,0.0,0.0
1nc27ku,train,0.1111111111111111,0.0,0.0,0.0,0.0,1.0,0.0
1n5kjl7,train,0.06666666666666667,0.0,0.0,0.0,0.0,1.0,0.0
1n5mxwp,train,0.06666666666666667,0.0,0.0,0.0,0.0,0.0,0.0
1n5mc3f,train,0.18181818181818182,0.0,0.0,0.0,0.0,1.0,0.0
1nhmkfb,train,0.0,0.0,0.0,0.0,0.0,0.0,0.0
1nhqi7h,train,0.2,0.0,0.0,0.0,0.0,1.0,0.0
1nghix4,train,0.08333333333333333,0.0,0.0,0.0,0.0,1.0,0.0
1nfwni5,train,0.09090909090909091,0.0,0.0,0.0,0.0,1.0,0.0
1n7tz0e,train,0.05555555555555555,0.0,0.0,0.0,0.0,1.0,0.0
1n7k9oh,train,0.07692307692307693,0.0,0.0,0.0,0.0,0.0,0.0
1n7ewcd,train,0.07692307692307693,0.0,0.0,0.0,0.0,0.0,0.0
1n7na8h,train,0.09090909090909091,0.0,0.0,0.0,0.0,1.0,0.0
1n7vscj,train,0.0,0.0,0.0,0.0,0.0,0.0,0.0
1n7oor0,train,0.16666666666666666,0.0,0.0,0.0,0.0,1.0,0.0
1n7cxtt,train,0.058823529411764705,0.0,0.0,0.0,0.0,1.0,0.0
1n7ible,train,0.0625,0.0,0.0,0.0,0.0,0.0,0.0
1n7obor,train,0.08333333333333333,0.0,0.0,0.0,0.0,0.0,0.0
1n7vtfs,train,0.0,0.0,0.0,0.0,0.0,0.0,0.0
1n7fe0k,train,0.09090909090909091,0.0,0.0,0.0,0.0,0.0,0.0
1n7jvaa,train,0.0625,0.0,0.0,0.0,0.0,1.0,0.0
1n7yv9r,train,0.05555555555555555,0.0,0.0,0.0,0.0,0.0,0.0
1n7ig5s,train,0.038461538461538464,0.0,0.0,0.0,0.0,1.0,0.0
1n7ekt8,train,0.1111111111111111,0.0,0.0,0.0,0.0,1.0,0.0
1n7vzgo,train,0.09090909090909091,0.0,0.0,0.0,0.0,1.0,0.0
1n7dk2o,train,0.0,0.0,0.0,0.0,0.0,0.0,0.0
1n7s92f,train,0.09090909090909091,0.0,0.0,0.0,0.0,1.0,0.0
1n7d6iv,train,0.125,0.0,0.0,0.0,0.0,1.0,0.0
1n8a25l,train,0.06666666666666667,0.0,0.0,0.0,0.0,1.0,0.0
1n8omz8,train,0.0625,0.0,0.0,0.0,0.0,1.0,0.0
1n7h0gh,train,0.037037037037037035,0.0,0.0,0.0,0.0,1.0,0.0
1n8q7o9,train,0.14285714285714285,0.0,0.0,0.0,0.0,1.0,0.0
1n88auu,train,0.09090909090909091,0.0,0.0,0.0,0.0,0.0,0.0
1n8qv6n,train,0.1111111111111111,0.0,0.0,0.0,0.0,2.0,0.0
1n86u5y,train,0.03571428571428571,0.0,0.0,0.0,0.0,0.0,0.0
1n8uha7,train,0.09090909090909091,0.0,0.0,0.0,0.0,1.0,0.0
1n8bv13,train,0.09090909090909091,0.0,0.0,0.0,0.0,0.0,0.0
1n8va9u,train,0.030303030303030304,0.0,0.0,0.0,0.0,1.0,0.0
1n8ec4l,train,0.125,0.0,0.0,0.0,0.0,1.0,0.0
1n88ufl,train,0.05714285714285714,0.0,0.0,0.0,0.0,1.0,0.0
1n85wr3,train,0.1111111111111111,0.0,0.0,0.0,0.0,1.0,0.0
1n88kph,train,0.1,0.0,0.0,0.0,0.0,1.0,0.0
1n8kwy3,train,0.0,0.0,0.0,0.0,0.0,0.0,0.0
1n8661q,train,0.030303030303030304,0.0,0.0,0.0,0.0,1.0,0.0
1n8euon,train,0.0,0.0,0.0,0.0,0.0,0.0,0.0
1n8qxlk,train,0.1,0.0,0.0,0.0,0.0,1.0,0.0
1n8j79j,train,0.18181818181818182,0.0,0.0,0.0,0.0,0.0,0.0
1n9eowi,train,0.07692307692307693,0.0,0.0,0.0,0.0,1.0,0.0
1n96tub,train,0.038461538461538464,0.0,0.0,0.0,0.0,0.0,0.0
1n9ffkl,train,0.09090909090909091,0.0,0.0,0.0,0.0,1.0,0.0
1n91q09,train,0.03571428571428571,0.0,0.0,1.0,0.0,0.0,0.0
1n94114,train,0.08333333333333333,0.0,0.0,0.0,0.0,1.0,0.0
1n9eqtx,train,0.07142857142857142,0.0,0.0,0.0,0.0,0.0,0.0
1n91zdc,train,0.07142857142857142,0.0,0.0,0.0,0.0,0.0,0.0
1n91mut,train,0.07142857142857142,0.0,0.0,0.0,0.0,0.0,0.0
1n9q3id,train,0.07142857142857142,0.0,0.0,0.0,0.0,1.0,0.0
1n92hua,train,0.034482758620689655,0.0,0.0,0.0,0.0,0.0,0.0
1n9ngkh,train,0.0,0.0,0.0,0.0,0.0,0.0,0.0
1n9lehb,train,0.07142857142857142,0.0,0.0,0.0,0.0,1.0,0.0
1n9eqgj,train,0.07142857142857142,0.0,0.0,0.0,0.0,1.0,0.0
1n9erpv,train,0.06666666666666667,0.0,0.0,0.0,0.0,0.0,0.0
1n9d0z5,train,0.07142857142857142,0.0,0.0,0.0,0.0,0.0,0.0
1n8zcp4,train,0.09090909090909091,0.0,0.0,0.0,0.0,1.0,0.0
1n6sei0,train,0.08333333333333333,0.0,0.0,0.0,0.0,1.0,0.0
1n6w08l,train,0.08333333333333333,0.0,0.0,0.0,0.0,0.0,0.0
1n6e4z0,train,0.125,0.0,0.0,0.0,0.0,1.0,0.0
1n6ul9x,train,0.1,0.0,0.0,0.0,0.0,0.0,0.0
1n6lxjn,train,0.05,0.0,0.0,0.0,0.0,2.0,0.0
1n6m76z,train,0.047619047619047616,0.0,0.0,0.0,0.0,1.0,0.0
1n71xfr,train,0.08333333333333333,0.0,0.0,0.0,0.0,1.0,0.0
1n6ns05,train,0.030303030303030304,0.0,0.0,0.0,0.0,0.0,0.0
1n6kclr,train,0.1,0.0,0.0,0.0,0.0,0.0,0.0
1n6t3qq,train,0.047619047619047616,1.0,1.0,0.0,0.0,0.0,0.0
1n6mo65,train,0.1,0.0,0.0,0.0,0.0,2.0,0.0
1n6uzxr,train,0.125,0.0,0.0,0.0,0.0,1.0,0.0
1n73ems,train,0.1111111111111111,0.0,0.0,0.0,0.0,0.0,0.0
1n6jhhs,train,0.125,0.0,0.0,0.0,0.0,0.0,1.0
1n6vhkw,train,0.125,0.0,0.0,0.0,0.0,0.0,0.0
1n6htjp,train,0.07692307692307693,0.0,0.0,0.0,0.0,0.0,0.0
1n6yggp,train,0.09090909090909091,0.0,0.0,0.0,0.0,1.0,0.0
1ne40ur,train,0.09090909090909091,0.0,0.0,0.0,0.0,0.0,0.0
1ne50lv,train,0.1111111111111111,0.0,0.0,0.0,0.0,1.0,0.0
1nef753,train,0.1,0.0,0.0,0.0,0.0,0.0,0.0
1nebsnu,train,0.2,0.0,0.0,0.0,0.0,1.0,0.0
1ne7e08,train,0.18181818181818182,0.0,0.0,1.0,0.0,1.0,0.0
1ne6lzu,train,0.1,0.0,0.0,0.0,0.0,1.0,0.0
1neprt8,train,0.08333333333333333,0.0,0.0,0.0,0.0,1.0,0.0
1ne7can,train,0.08333333333333333,0.0,0.0,0.0,0.0,1.0,0.0
1neb9d6,train,0.08333333333333333,0.0,0.0,0.0,0.0,2.0,0.0
1neloij,train,0.03571428571428571,0.0,0.0,0.0,0.0,2.0,0.0
1ne8w42,train,0.0,0.0,0.0,0.0,0.0,0.0,0.0
1necqzo,train,0.0,0.0,0.0,0.0,0.0,0.0,0.0
1nec43j,train,0.14285714285714285,0.0,0.0,0.0,0.0,1.0,0.0
1ne7tna,train,0.08333333333333333,0.0,0.0,0.0,0.0,1.0,0.0
1ne8522,train,0.08333333333333333,0.0,0.0,0.0,0.0,0.0,0.0
1neu5k8,train,0.09090909090909091,0.0,0.0,0.0,0.0,2.0,0.0
1nem2nj,train,0.04,0.0,0.0,0.0,0.0,1.0,0.0
1nifedk,train,0.05263157894736842,0.0,0.0,0.0,0.0,1.0,0.0
1nigbra,train,0.125,0.0,0.0,0.0,0.0,1.0,0.0
1ninxm9,train,0.0,0.0,0.0,0.0,0.0,0.0,0.0
1niy6x5,train,0.043478260869565216,0.0,0.0,0.0,0.0,0.0,0.0
1ni9ukd,train,0.1,0.0,0.0,0.0,0.0,1.0,0.0
1nitjdc,train,0.07692307692307693,0.0,0.0,0.0,0.0,0.0,0.0
1nir95l,train,0.1111111111111111,0.0,0.0,0.0,0.0,1.0,0.0
1nii0vl,train,0.11764705882352941,0.0,0.0,0.0,0.0,1.0,0.0
1niqf1i,train,0.09090909090909091,0.0,0.0,0.0,0.0,1.0,0.0
1nim4nl,train,0.1111111111111111,0.0,0.0,0.0,0.0,0.0,0.0
1nj3tjn,train,0.1,0.0,0.0,0.0,0.0,1.0,0.0
1niqulr,train,0.06666666666666667,0.0,0.0,0.0,0.0,1.0,0.0
1nijlky,train,0.047619047619047616,0.0,0.0,0.0,0.0,1.0,0.0
1nibuye,train,0.1,0.0,0.0,0.0,0.0,1.0,0.0
1ni8yfu,train,0.09090909090909091,0.0,0.0,0.0,0.0,2.0,0.0
1nibvfi,train,0.047619047619047616,1.0,1.0,0.0,0.0,1.0,0.0
1nio742,train,0.07692307692307693,0.0,0.0,0.0,0.0,1.0,0.0
1nj3yve,train,0.09090909090909091,0.0,0.0,0.0,0.0,1.0,0.0
1nic5kk,train,0.09090909090909091,0.0,0.0,0.0,0.0,1.0,0.0
1niravi,train,0.1111111111111111,0.0,0.0,0.0,0.0,0.0,0.0
1niabmh,train,0.08333333333333333,1.0,1.0,0.0,0.0,0.0,0.0
1njpfyc,train,0.1111111111111111,0.0,0.0,0.0,0.0,1.0,0.0
1njmjas,train,0.0,0.0,0.0,0.0,0.0,0.0,0.0
1njk8k6,train,0.07692307692307693,0.0,0.0,0.0,0.0,1.0,0.0
1nj55jl,train,0.1111111111111111,0.0,0.0,0.0,0.0,1.0,0.0
1njgu87,train,0.1111111111111111,0.0,0.0,0.0,0.0,0.0,0.0
1njnvtb,train,0.06666666666666667,0.0,0.0,0.0,0.0,0.0,0.0
1njd1ud,train,0.041666666666666664,0.0,0.0,0.0,0.0,2.0,0.0
1njbk0q,train,0.2222222222222222,0.0,0.0,0.0,0.0,1.0,0.0
1njhtqq,train,0.09090909090909091,0.0,0.0,0.0,0.0,1.0,0.0
1nj9r74,train,0.18181818181818182,0.0,0.0,0.0,0.0,1.0,0.0
1nj837o,train,0.043478260869565216,0.0,0.0,0.0,0.0,1.0,0.0
1nj8pcz,train,0.1111111111111111,0.0,0.0,0.0,0.0,0.0,0.0
1nj8nga,train,0.08333333333333333,1.0,1.0,0.0,0.0,0.0,0.0
1njox3w,train,0.0,0.0,0.0,0.0,0.0,0.0,0.0
1njl5co,train,0.09090909090909091,0.0,0.0,0.0,0.0,1.0,0.0
1njl0al,train,0.07142857142857142,1.0,1.0,0.0,0.0,0.0,0.0
1ndjufh,train,0.06666666666666667,0.0,0.0,0.0,0.0,0.0,0.0
1ndg9qb,train,0.06666666666666667,0.0,0.0,0.0,0.0,0.0,0.0
1ndbxtk,train,0.08,0.0,0.0,0.0,0.0,1.0,0.0
1ndk7r7,train,0.08695652173913043,2.0,2.0,0.0,0.0,1.0,0.0
1nd6svo,train,0.125,0.0,0.0,0.0,0.0,0.0,0.0
1ndt8a6,train,0.06666666666666667,0.0,0.0,0.0,0.0,1.0,0.0
1ndgpal,train,0.16666666666666666,0.0,0.0,0.0,0.0,1.0,0.0
1ndckn2,train,0.05555555555555555,0.0,0.0,0.0,0.0,0.0,0.0
1ndef4c,train,0.07692307692307693,0.0,0.0,0.0,0.0,1.0,0.0
1ndsvb5,train,0.1111111111111111,0.0,0.0,0.0,0.0,1.0,0.0
1nda50j,train,0.16666666666666666,0.0,0.0,0.0,0.0,0.0,0.0
1ndutmc,train,0.03571428571428571,0.0,0.0,0.0,0.0,0.0,0.0
1nddr81,train,0.08333333333333333,0.0,0.0,0.0,0.0,1.0,0.0
1ndun1b,train,0.25,0.0,0.0,0.0,0.0,0.0,0.0
1nduyaj,train,0.023255813953488372,0.0,0.0,0.0,0.0,2.0,0.0
1ndkwrx,train,0.13333333333333333,0.0,0.0,0.0,0.0,2.0,0.0
1ndhrpc,train,0.07142857142857142,0.0,0.0,0.0,0.0,1.0,0.0
1nb0x3m,train,0.06666666666666667,0.0,0.0,0.0,0.0,1.0,0.0
1nane2b,train,0.04,0.0,0.0,0.0,0.0,2.0,0.0
1nasbwi,train,0.0625,0.0,0.0,0.0,0.0,0.0,0.0
1nb75et,train,0.05,0.0,0.0,0.0,0.0,1.0,0.0
1nb28uu,train,0.0,0.0,0.0,0.0,0.0,0.0,0.0
1nazytu,train,0.1,0.0,0.0,0.0,0.0,0.0,0.0
1nauhkg,train,0.125,0.0,0.0,0.0,0.0,1.0,0.0
1naoif1,train,0.0625,0.0,0.0,0.0,0.0,1.0,0.0
1naxp7j,train,0.0625,0.0,0.0,0.0,0.0,2.0,0.0
1ncnay8,train,0.11764705882352941,0.0,0.0,0.0,0.0,0.0,0.0
1ncdjz5,train,0.041666666666666664,0.0,0.0,0.0,0.0,1.0,0.0
1ncm0ux,train,0.07142857142857142,0.0,0.0,0.0,0.0,0.0,0.0
1nd4xdm,train,0.11764705882352941,0.0,0.0,0.0,0.0,0.0,0.0
1ncn862,train,0.1,0.0,0.0,0.0,0.0,1.0,0.0
1ncw4mb,train,0.06666666666666667,0.0,0.0,0.0,0.0,0.0,0.0
1nctdfy,train,0.02040816326530612,0.0,0.0,0.0,0.0,2.0,0.0
1ncn4ds,train,0.125,0.0,0.0,0.0,0.0,0.0,0.0
1ncbp13,train,0.09090909090909091,0.0,0.0,0.0,0.0,1.0,0.0
1ncekdp,train,0.14285714285714285,0.0,0.0,0.0,0.0,1.0,0.0
1ncq6y3,train,0.1,0.0,0.0,0.0,0.0,1.0,0.0
1ncvia7,train,0.06666666666666667,0.0,0.0,0.0,0.0,1.0,0.0
1ncnccr,train,0.05555555555555555,0.0,0.0,0.0,0.0,1.0,0.0
1ncipix,train,0.08333333333333333,0.0,0.0,0.0,0.0,1.0,0.0
1nc2f29,train,0.058823529411764705,0.0,0.0,0.0,0.0,1.0,0.0
1nbob5n,train,0.25,0.0,0.0,1.0,0.0,0.0,0.0
1nc6zt3,train,0.05263157894736842,0.0,0.0,1.0,0.0,0.0,0.0
1nc1t63,train,0.0625,0.0,0.0,0.0,0.0,1.0,0.0
1nbp281,train,0.0,0.0,0.0,0.0,0.0,0.0,0.0
1nbivoz,train,0.0,0.0,0.0,0.0,0.0,0.0,0.0
1nbnnbj,train,0.0,0.0,0.0,0.0,0.0,0.0,0.0
1nc1297,train,0.07142857142857142,0.0,0.0,0.0,0.0,1.0,0.0
1nc3gx2,train,0.25,0.0,0.0,0.0,0.0,0.0,0.0
1nbrilo,train,0.038461538461538464,0.0,0.0,0.0,0.0,1.0,0.0
1nbk22z,train,0.1111111111111111,0.0,0.0,0.0,0.0,1.0,0.0
1nbkhh1,train,0.03333333333333333,0.0,0.0,0.0,0.0,2.0,0.0
1nbxrod,train,0.18181818181818182,0.0,0.0,0.0,0.0,1.0,0.0
1nbj31s,train,0.041666666666666664,0.0,0.0,0.0,0.0,0.0,0.0
1n5p6bt,train,0.1111111111111111,0.0,0.0,0.0,0.0,1.0,0.0
1n5o260,train,0.07692307692307693,0.0,0.0,0.0,0.0,0.0,0.0
1n5ii9v,train,0.07142857142857142,0.0,0.0,0.0,0.0,0.0,0.0
1n5ihn7,train,0.16666666666666666,0.0,0.0,0.0,0.0,1.0,0.0
1n5xdn4,train,0.18181818181818182,1.0,1.0,0.0,0.0,0.0,0.0
1n5ppf8,train,0.0,0.0,0.0,0.0,0.0,0.0,0.0
1n5g9u1,train,0.2,0.0,0.0,0.0,0.0,1.0,0.0
1n5xzj4,train,0.08333333333333333,0.0,0.0,0.0,0.0,0.0,1.0
1n65ya1,train,0.1111111111111111,0.0,0.0,0.0,0.0,1.0,0.0
1n5xh5e,train,0.13333333333333333,0.0,0.0,0.0,0.0,1.0,0.0
1n5qwos,train,0.0,0.0,0.0,0.0,0.0,0.0,0.0
1na7t4x,train,0.024390243902439025,1.0,1.0,0.0,0.0,1.0,0.0
1na9dqa,train,0.16666666666666666,0.0,0.0,0.0,0.0,1.0,0.0
1n9thkd,train,0.0,0.0,0.0,0.0,0.0,0.0,0.0
1n9tn2b,train,0.11764705882352941,0.0,0.0,0.0,0.0,1.0,0.0
1n9yi8h,train,0.07692307692307693,0.0,0.0,0.0,0.0,0.0,0.0
1nai1dy,train,0.05263157894736842,0.0,0.0,0.0,0.0,0.0,0.0
1na3hd5,train,0.08333333333333333,0.0,0.0,0.0,0.0,0.0,0.0
1nhs7cz,train,0.1,0.0,0.0,0.0,0.0,1.0,0.0
1ni3xu6,train,0.08333333333333333,0.0,0.0,0.0,0.0,1.0,0.0
1nhz3j9,train,0.09090909090909091,0.0,0.0,0.0,0.0,0.0,0.0
1nhwend,train,0.125,0.0,0.0,0.0,0.0,1.0,0.0
1nhtkl8,train,0.0,0.0,0.0,0.0,0.0,0.0,0.0
1nhlryp,train,0.15384615384615385,2.0,3.0,0.0,1.0,0.0,0.0
1nhxa4p,train,0.045454545454545456,0.0,0.0,0.0,0.0,1.0,0.0
1nhjaeo,train,0.0,0.0,0.0,0.0,0.0,0.0,0.0
1nhypuu,train,0.03333333333333333,0.0,0.0,0.0,0.0,0.0,0.0
1nhfl1e,train,0.36363636363636365,0.0,0.0,0.0,0.0,1.0,0.0
1nhkd8n,train,0.0625,0.0,0.0,0.0,0.0,0.0,0.0
1nhuyqr,train,0.14285714285714285,0.0,0.0,0.0,0.0,1.0,0.0
1nhxx3a,train,0.08333333333333333,0.0,0.0,0.0,0.0,1.0,0.0
1nhlh2x,train,0.1,0.0,0.0,0.0,0.0,1.0,0.0
1nhlpb9,train,0.08333333333333333,0.0,0.0,0.0,0.0,1.0,0.0
1nhscop,train,0.034482758620689655,0.0,0.0,1.0,0.0,0.0,0.0
1nhpwks,train,0.1111111111111111,0.0,0.0,0.0,0.0,1.0,0.0
1ni00a4,train,0.14285714285714285,0.0,0.0,0.0,0.0,1.0,0.0
1nhexz0,train,0.25,0.0,0.0,0.0,0.0,1.0,0.0
1nfdqnt,train,0.08333333333333333,0.0,0.0,0.0,0.0,1.0,0.0
1nevhav,train,0.3333333333333333,0.0,0.0,0.0,0.0,1.0,0.0
1nfmxev,train,0.08,0.0,0.0,0.0,0.0,2.0,0.0
1nf24qu,train,0.08333333333333333,0.0,0.0,0.0,0.0,0.0,0.0
1nf709i,train,0.18181818181818182,0.0,0.0,0.0,0.0,0.0,0.0
1nfbmpp,train,0.18181818181818182,0.0,1.0,0.0,0.0,0.0,0.0
1newp1g,train,0.1,0.0,0.0,0.0,0.0,0.0,0.0
1nfa5r0,train,0.05,0.0,0.0,0.0,0.0,1.0,0.0
1nez1lx,train,0.16666666666666666,0.0,0.0,0.0,0.0,1.0,0.0
1nf9isq,train,0.06666666666666667,0.0,0.0,0.0,0.0,0.0,0.0
1nf3rdq,train,0.045454545454545456,2.0,2.0,0.0,0.0,1.0,0.0
1nfc8xw,train,0.13636363636363635,0.0,0.0,0.0,0.0,1.0,0.0
1nf2g9q,train,0.0,0.0,0.0,0.0,0.0,0.0,0.0
1nf7j6k,train,0.1,0.0,0.0,0.0,0.0,1.0,0.0
1ngbahx,train,0.0625,0.0,0.0,0.0,0.0,1.0,0.0
1nfacvx,train,0.16666666666666666,0.0,0.0,0.0,0.0,0.0,0.0
1ng9nv8,train,0.043478260869565216,0.0,0.0,0.0,0.0,0.0,0.0
1nga6ls,train,0.041666666666666664,0.0,0.0,0.0,0.0,1.0,0.0
1nfxhsa,train,0.07692307692307693,0.0,0.0,0.0,0.0,1.0,0.0
1ng2r6g,train,0.1,0.0,0.0,0.0,0.0,1.0,0.0
1ng3sbr,train,0.0625,0.0,0.0,0.0,0.0,0.0,0.0
1nfq954,train,0.125,0.0,0.0,0.0,0.0,1.0,0.0
1ng6jht,train,0.1,0.0,0.0,0.0,0.0,1.0,0.0
1ng14bz,train,0.2857142857142857,0.0,0.0,0.0,0.0,1.0,0.0
1ngabok,train,0.1,0.0,0.0,0.0,0.0,1.0,0.0
1nfuj8y,train,0.125,0.0,0.0,0.0,0.0,1.0,0.0
1ngzmfd,train,0.06666666666666667,0.0,0.0,0.0,0.0,1.0,0.0
1nh1jfu,train,0.1,0.0,0.0,0.0,0.0,1.0,0.0
1ngyvaw,train,0.09090909090909091,0.0,0.0,1.0,0.0,0.0,0.0
1nglgh6,train,0.0625,0.0,0.0,0.0,0.0,1.0,0.0
1ngmbja,train,0.08333333333333333,0.0,0.0,0.0,0.0,1.0,0.0
1ngumvp,train,0.1,0.0,0.0,0.0,0.0,0.0,0.0
1n58tsy,train,0.08333333333333333,0.0,0.0,0.0,0.0,1.0,0.0
1n5ayqj,train,0.15384615384615385,0.0,0.0,0.0,0.0,1.0,0.0
1n4q77v,train,0.0625,0.0,0.0,0.0,0.0,1.0,0.0
1n4wuyw,train,0.07692307692307693,0.0,0.0,0.0,0.0,1.0,0.0
1n4sw5c,train,0.030303030303030304,0.0,0.0,0.0,0.0,1.0,0.0
1n4wff5,train,0.2222222222222222,0.0,0.0,0.0,0.0,1.0,0.0
1n52x50,train,0.14285714285714285,0.0,0.0,0.0,0.0,2.0,0.0
1n4tkrt,train,0.1,0.0,0.0,0.0,0.0,1.0,0.0
1n5213v,train,0.1,0.0,0.0,0.0,0.0,1.0,0.0
1n5dgd7,train,0.030303030303030304,0.0,0.0,0.0,0.0,2.0,0.0
1n4xzzy,train,0.07692307692307693,0.0,0.0,0.0,0.0,0.0,0.0
1n4zdpo,train,0.2,0.0,0.0,0.0,0.0,1.0,0.0
1n4np3i,train,0.2222222222222222,0.0,0.0,0.0,0.0,1.0,0.0
1n54z1g,train,0.14285714285714285,0.0,0.0,0.0,0.0,0.0,0.0
1n4b3hp,train,0.2857142857142857,0.0,0.0,0.0,0.0,1.0,0.0
1n49pk0,train,0.04081632653061224,0.0,0.0,0.0,0.0,1.0,0.0
1n4hnhk,train,0.0,0.0,0.0,0.0,0.0,0.0,0.0
1n4d5e4,train,0.23076923076923078,0.0,0.0,0.0,0.0,0.0,1.0
1n4bba0,train,0.125,0.0,0.0,0.0,0.0,1.0,0.0
1n9pgrr,train,0.0625,0.0,0.0,0.0,0.0,0.0,0.0
1neopeq,train,0.11764705882352941,0.0,0.0,0.0,0.0,1.0,0.0
1netm0h,train,0.07692307692307693,0.0,0.0,0.0,0.0,1.0,0.0
1neer1i,train,0.08333333333333333,0.0,0.0,0.0,0.0,0.0,0.0
1nesabq,train,0.2,0.0,0.0,0.0,0.0,0.0,0.0
1nedc4s,train,0.014084507042253521,0.0,0.0,0.0,0.0,1.0,1.0
1neewu3,train,0.1111111111111111,0.0,0.0,0.0,0.0,1.0,0.0
1nemzvd,train,0.02702702702702703,0.0,0.0,0.0,0.0,2.0,0.0
1ne8sov,train,0.0036496350364963502,0.0,0.0,0.0,0.0,2.0,0.0
1neu4r9,train,0.05970149253731343,0.0,0.0,0.0,0.0,4.0,0.0
1nedj4p,train,0.0625,0.0,0.0,0.0,0.0,1.0,0.0
1nipc4n,train,0.056179775280898875,0.0,1.0,0.0,1.0,1.0,0.0
1nic1p7,train,0.05128205128205128,0.0,0.0,0.0,0.0,1.0,0.0
1nil1oj,train,0.09090909090909091,0.0,0.0,0.0,0.0,1.0,0.0
1nj15sh,train,0.03614457831325301,0.0,0.0,0.0,0.0,1.0,0.0
1nj3r76,train,0.04411764705882353,0.0,0.0,0.0,0.0,6.0,0.0
1nicdse,train,0.1111111111111111,0.0,0.0,0.0,0.0,1.0,0.0
1nifd7f,train,0.010471204188481676,0.0,0.0,0.0,0.0,1.0,0.0
1niibtk,train,0.00684931506849315,0.0,0.0,0.0,0.0,1.0,0.0
1ni9pn9,train,0.007079646017699115,0.0,0.0,0.0,0.0,3.0,0.0
1nij9up,train,0.09090909090909091,0.0,0.0,0.0,0.0,2.0,0.0
1nickn8,train,0.03125,0.0,0.0,0.0,0.0,1.0,1.0
1nj5p3m,train,0.05263157894736842,0.0,0.0,0.0,0.0,2.0,0.0
1njfwj4,train,0.09090909090909091,0.0,0.0,0.0,0.0,1.0,0.0
1njkza8,train,0.045454545454545456,0.0,0.0,0.0,0.0,2.0,0.0
1njb5ya,train,0.018018018018018018,0.0,0.0,0.0,0.0,2.0,0.0
1njjldd,train,0.018404907975460124,0.0,0.0,0.0,0.0,1.0,0.0
1njblno,train,0.006578947368421052,0.0,0.0,0.0,0.0,2.0,0.0
1njf1ag,train,0.14285714285714285,0.0,0.0,0.0,0.0,1.0,0.0
1nda6x4,train,0.038461538461538464,0.0,0.0,0.0,0.0,1.0,0.0
1ndwdj1,train,0.01694915254237288,0.0,0.0,0.0,0.0,2.0,0.0
1nddslu,train,0.03225806451612903,0.0,0.0,0.0,0.0,1.0,0.0
1ndczym,train,0.14285714285714285,0.0,0.0,0.0,0.0,0.0,0.0
1nan5mc,train,0.1,1.0,1.0,0.0,0.0,0.0,0.0
1naob47,train,0.058823529411764705,0.0,0.0,0.0,0.0,1.0,0.0
1ncsu6k,train,0.0057553956834532375,0.0,0.0,0.0,0.0,1.0,1.0
1nb22ll,train,0.021739130434782608,0.0,0.0,0.0,0.0,3.0,0.0
1ncdjhy,train,0.07692307692307693,0.0,0.0,0.0,0.0,1.0,0.0
1ncm8tt,train,0.017094017094017096,0.0,0.0,0.0,0.0,2.0,0.0
1nb8rrb,train,0.007751937984496124,0.0,0.0,0.0,0.0,4.0,0.0
1nctj8s,train,0.009157509157509158,0.0,0.0,0.0,0.0,3.0,0.0
1ncpbhw,train,0.125,0.0,0.0,0.0,0.0,1.0,0.0
1ncr4kq,train,0.02027027027027027,0.0,0.0,0.0,0.0,4.0,0.0
1ncmfug,train,0.057692307692307696,0.0,0.0,0.0,0.0,1.0,0.0
1ncl9jm,train,0.0121580547112462,0.0,0.0,0.0,0.0,3.0,0.0
1nd0q8o,train,0.02631578947368421,0.0,0.0,0.0,0.0,1.0,0.0
1nchcii,train,0.01845018450184502,0.0,0.0,0.0,0.0,0.0,0.0
1ncmi94,train,0.039473684210526314,0.0,0.0,0.0,0.0,5.0,0.0
1ncc69q,train,0.00936768149882904,0.0,0.0,0.0,0.0,2.0,0.0
1ncim6k,train,0.006896551724137931,0.0,0.0,0.0,0.0,0.0,0.0
1ncl81x,train,0.04,0.0,0.0,0.0,0.0,2.0,0.0
1nc04iw,train,0.012658227848101266,0.0,0.0,0.0,0.0,4.0,0.0
1nbqkj7,train,0.012903225806451613,0.0,0.0,0.0,0.0,1.0,0.0
1nbzb9f,train,0.045454545454545456,0.0,0.0,0.0,0.0,1.0,0.0
1nc9ej4,train,0.03614457831325301,0.0,0.0,0.0,0.0,1.0,0.0
1nburdo,train,0.017857142857142856,0.0,0.0,0.0,0.0,0.0,0.0
1nbpvjr,train,0.047619047619047616,0.0,0.0,0.0,0.0,0.0,0.0
1na9dob,train,0.005454545454545455,0.0,0.0,0.0,0.0,1.0,0.0
1n9wabd,train,0.009302325581395349,0.0,0.0,0.0,0.0,0.0,0.0
1nc7reh,train,0.030303030303030304,0.0,0.0,0.0,0.0,4.0,0.0
1nbrv27,train,0.006644518272425249,0.0,0.0,0.0,0.0,9.0,0.0
1na820q,train,0.004889975550122249,0.0,0.0,0.0,0.0,3.0,0.0
1nc0uea,train,0.02531645569620253,0.0,0.0,0.0,0.0,1.0,0.0
1ni0no3,train,0.045454545454545456,0.0,0.0,0.0,0.0,1.0,0.0
1nho6l6,train,0.07142857142857142,0.0,0.0,0.0,0.0,2.0,0.0
1nfenka,train,0.07407407407407407,1.0,1.0,0.0,0.0,1.0,0.0
1nhn1zp,train,0.02702702702702703,0.0,0.0,0.0,0.0,1.0,0.0
1nf3ub3,train,0.02,0.0,0.0,0.0,0.0,0.0,0.0
1nf0ifw,train,0.02252252252252252,0.0,0.0,0.0,0.0,2.0,0.0
1nezlum,train,0.02857142857142857,0.0,1.0,0.0,1.0,4.0,0.0
1nf0nab,train,0.014705882352941176,0.0,0.0,0.0,0.0,3.0,0.0
1nezg0p,train,0.006557377049180328,0.0,0.0,0.0,0.0,0.0,0.0
1nf6f9x,train,0.005813953488372093,0.0,0.0,0.0,0.0,1.0,0.0
1nfabgd,train,0.1,0.0,0.0,0.0,0.0,1.0,0.0
1nezru6,train,0.006546644844517185,0.0,0.0,0.0,0.0,0.0,0.0
1nf3d79,train,0.02702702702702703,0.0,0.0,0.0,0.0,1.0,0.0
1nfmr32,train,0.056338028169014086,0.0,0.0,0.0,0.0,7.0,0.0
1nf0eid,train,0.019230769230769232,2.0,2.0,0.0,0.0,1.0,0.0
1nfukao,train,0.02857142857142857,0.0,0.0,0.0,0.0,1.0,0.0
1ngi8j1,train,0.0196078431372549,0.0,0.0,0.0,0.0,1.0,0.0
1ngakf8,train,0.004545454545454545,0.0,0.0,0.0,0.0,0.0,0.0
1ngegd0,train,0.009900990099009901,0.0,0.0,0.0,0.0,1.0,0.0
1nh1az7,train,0.07692307692307693,0.0,0.0,0.0,0.0,1.0,0.0
1nh5tkp,train,0.008771929824561403,0.0,0.0,0.0,0.0,2.0,0.0
1nfu2lk,train,0.018518518518518517,0.0,0.0,0.0,0.0,0.0,0.0
1nh8vpo,train,0.010282776349614395,0.0,0.0,0.0,0.0,0.0,0.0
1nhbn44,train,0.01694915254237288,0.0,0.0,0.0,0.0,3.0,0.0
1ngiple,train,0.018867924528301886,0.0,0.0,0.0,0.0,0.0,0.0
1nh6z8v,train,0.018867924528301886,0.0,0.0,0.0,0.0,3.0,0.0
1ngym2n,train,0.007407407407407408,0.0,0.0,0.0,0.0,1.0,0.0
1nh7a82,train,0.0035561877667140826,0.0,1.0,0.0,0.0,13.0,0.0
1nhrhfl,train,0.0070921985815602835,0.0,0.0,0.0,0.0,0.0,0.0
1mtrxuo,train,0.013793103448275862,0.0,0.0,0.0,0.0,1.0,0.0
1n5cmjp,train,0.08333333333333333,0.0,0.0,0.0,0.0,1.0,0.0
1my6mf6,train,0.014218009478672985,0.0,0.0,0.0,0.0,1.0,0.0
1mosuvc,train,0.06666666666666667,0.0,0.0,0.0,0.0,0.0,0.0
1n6d2m8,train,0.0,0.0,0.0,0.0,0.0,0.0,0.0
1nbqabr,train,0.0,0.0,0.0,0.0,0.0,0.0,0.0
1nhy2br,train,0.1,0.0,0.0,0.0,0.0,0.0,0.0
1nfhaq6,train,0.0,0.0,0.0,0.0,0.0,0.0,0.0
1ngpl9s,train,0.08333333333333333,0.0,0.0,0.0,0.0,1.0,0.0
1n4xzu4,train,0.0,0.0,0.0,0.0,0.0,0.0,0.0
1n7bpcg,train,0.019230769230769232,0.0,0.0,0.0,0.0,2.0,0.0
1n7szn3,train,0.010101010101010102,0.0,0.0,0.0,0.0,1.0,0.0
1n7tn13,train,0.00392156862745098,0.0,0.0,0.0,0.0,0.0,0.0
1n80ryz,train,0.009523809523809525,0.0,0.0,0.0,0.0,3.0,0.0
1n82has,train,0.008733624454148471,0.0,0.0,0.0,0.0,0.0,0.0
1n84iud,train,0.005405405405405406,0.0,0.0,0.0,0.0,0.0,0.0
1n8unq7,train,0.0,0.0,0.0,0.0,0.0,0.0,0.0
1n8cn50,train,0.021052631578947368,0.0,0.0,0.0,0.0,0.0,0.0
1n9axi2,train,0.01639344262295082,0.0,0.0,0.0,0.0,0.0,0.0
1n91imx,train,0.04081632653061224,0.0,0.0,0.0,0.0,0.0,1.0
1n97p7q,train,0.04504504504504504,0.0,0.0,0.0,0.0,2.0,0.0
1n9c1b4,train,0.03125,0.0,0.0,0.0,0.0,1.0,0.0
1n9e376,train,0.01098901098901099,0.0,0.0,0.0,0.0,0.0,0.0
1n9frmt,train,0.0196078431372549,0.0,0.0,0.0,0.0,0.0,0.0
1n94vm8,train,0.007017543859649123,0.0,0.0,0.0,0.0,0.0,0.0
1n9h4hn,train,0.022727272727272728,0.0,0.0,0.0,0.0,1.0,0.0
1n6ckdl,train,0.008,0.0,0.0,0.0,0.0,0.0,1.0
1n6f5tg,train,0.013605442176870748,1.0,1.0,0.0,0.0,0.0,0.0
1n6ki2s,train,0.004694835680751174,0.0,0.0,0.0,0.0,0.0,0.0
1n6tqzz,train,0.07142857142857142,0.0,0.0,0.0,0.0,1.0,0.0
1ne6824,train,0.0,0.0,0.0,0.0,0.0,0.0,0.0
1nifves,train,0.0196078431372549,0.0,0.0,0.0,0.0,3.0,0.0
1njprzp,train,0.011904761904761904,0.0,0.0,0.0,0.0,0.0,2.0
1ndfes1,train,0.07692307692307693,1.0,1.0,0.0,0.0,0.0,0.0
1ndx20g,train,0.029411764705882353,0.0,0.0,0.0,0.0,1.0,0.0
1ndi0lc,train,0.008064516129032258,0.0,0.0,0.0,0.0,0.0,0.0
1ncn9lx,train,0.014925373134328358,0.0,0.0,0.0,0.0,0.0,0.0
1nc6ovu,train,0.0,0.0,0.0,0.0,0.0,0.0,0.0
1n5hzsl,train,0.011627906976744186,0.0,0.0,0.0,0.0,1.0,0.0
1nbli5r,train,0.058823529411764705,0.0,0.0,0.0,0.0,0.0,0.0
1n61lzn,train,0.024,0.0,0.0,0.0,0.0,0.0,0.0
1n5k4ol,train,0.007662835249042145,0.0,0.0,0.0,0.0,0.0,0.0
1n65w6q,train,0.00816326530612245,0.0,0.0,0.0,0.0,0.0,0.0
1n5m4fg,train,0.011627906976744186,0.0,0.0,0.0,0.0,1.0,0.0
1n5uqta,train,0.001670843776106934,0.0,0.0,1.0,0.0,0.0,0.0
1n5ytjf,train,0.0044444444444444444,0.0,0.0,0.0,0.0,0.0,0.0
1n6af3u,train,0.017543859649122806,0.0,1.0,0.0,0.0,0.0,0.0
1n5pw2f,train,0.006944444444444444,0.0,0.0,0.0,0.0,0.0,0.0
1n5svun,train,0.019417475728155338,0.0,0.0,0.0,0.0,0.0,0.0
1n60ge4,train,0.15384615384615385,1.0,1.0,0.0,0.0,0.0,0.0
1na40hm,train,0.013888888888888888,0.0,0.0,0.0,0.0,0.0,0.0
1n9s76f,train,0.0,0.0,0.0,0.0,0.0,0.0,0.0
1nfupj3,train,0.012048192771084338,0.0,0.0,0.0,0.0,1.0,0.0
1nfsuz4,train,0.125,0.0,0.0,0.0,0.0,0.0,0.0
1nfvc8u,train,0.019230769230769232,0.0,0.0,0.0,0.0,1.0,0.0
1ngtxyu,train,0.07142857142857142,0.0,0.0,0.0,0.0,0.0,0.0
1n4xufl,train,0.012121212121212121,0.0,0.0,0.0,0.0,1.0,0.0
1n4u9br,train,0.003816793893129771,0.0,0.0,0.0,0.0,4.0,0.0
1n4lfpg,train,0.1,0.0,0.0,0.0,0.0,1.0,0.0
1n4k5so,train,0.024691358024691357,0.0,0.0,0.0,0.0,0.0,0.0
1n43fx3,train,0.08,0.0,0.0,1.0,0.0,2.0,2.0
1n45rlx,train,0.013986013986013986,0.0,0.0,0.0,0.0,0.0,0.0
1n7kp63,train,0.0,0.0,0.0,0.0,0.0,0.0,0.0
1n7setu,train,0.0,0.0,0.0,0.0,0.0,0.0,0.0
1n7albd,train,0.09090909090909091,0.0,0.0,0.0,0.0,1.0,0.0
1n7bv9o,train,0.0,0.0,0.0,0.0,0.0,0.0,0.0
1n80bjb,train,0.1,0.0,0.0,0.0,0.0,0.0,0.0
1n8ltt3,train,0.07692307692307693,0.0,0.0,0.0,0.0,0.0,0.0
1n8gcjj,train,0.06666666666666667,0.0,0.0,0.0,0.0,0.0,0.0
1n8te3e,train,0.1,0.0,0.0,0.0,0.0,0.0,0.0
1n99eh8,train,0.0,0.0,0.0,0.0,0.0,0.0,0.0
1n8zlpl,train,0.08333333333333333,0.0,0.0,0.0,0.0,0.0,0.0
1n92hin,train,0.08333333333333333,0.0,0.0,0.0,0.0,0.0,0.0
1n9f01t,train,0.045454545454545456,0.0,0.0,0.0,0.0,0.0,0.0
1n96uy1,train,0.07142857142857142,0.0,0.0,0.0,0.0,0.0,0.0
1n9jhvz,train,0.09090909090909091,0.0,0.0,0.0,0.0,0.0,0.0
1n6yi5h,train,0.09090909090909091,1.0,1.0,0.0,0.0,0.0,0.0
1n6vkun,train,0.09090909090909091,0.0,0.0,0.0,0.0,0.0,0.0
1n6ft9j,train,0.08333333333333333,0.0,0.0,0.0,0.0,0.0,0.0
1ne3pzz,train,0.08333333333333333,0.0,0.0,0.0,0.0,0.0,0.0
1ne4lus,train,0.08333333333333333,1.0,1.0,0.0,0.0,2.0,0.0
1neqnbd,train,0.0,0.0,0.0,0.0,0.0,0.0,0.0
1nee6v5,train,0.0,0.0,0.0,0.0,0.0,0.0,0.0
1nea3yj,train,0.06451612903225806,0.0,0.0,0.0,0.0,0.0,0.0
1nik9nd,train,0.038461538461538464,0.0,0.0,0.0,0.0,0.0,0.0
1nigcuf,train,0.0,0.0,0.0,0.0,0.0,0.0,0.0
1njbdfb,train,0.02127659574468085,0.0,0.0,0.0,0.0,0.0,0.0
1ndlcnf,train,0.058823529411764705,0.0,0.0,0.0,0.0,0.0,0.0
1ndgxfa,train,0.1,0.0,0.0,0.0,0.0,0.0,0.0
1ncpy89,train,0.09090909090909091,0.0,0.0,0.0,0.0,0.0,0.0
1ncyepz,train,0.07142857142857142,0.0,0.0,0.0,0.0,0.0,0.0
1ncp25f,train,0.09090909090909091,0.0,0.0,0.0,0.0,0.0,0.0
1ncvrr2,train,0.0,0.0,0.0,0.0,0.0,0.0,0.0
1nc1d99,train,0.05555555555555555,0.0,0.0,0.0,0.0,0.0,0.0
1nbto59,train,0.07692307692307693,0.0,0.0,0.0,0.0,0.0,0.0
1n5yap8,train,0.043478260869565216,0.0,0.0,0.0,0.0,0.0,0.0
1nhtatt,train,0.2,0.0,0.0,0.0,0.0,1.0,0.0
1nhzemi,train,0.3,0.0,0.0,0.0,0.0,1.0,0.0
1nhdvz5,train,0.09090909090909091,0.0,0.0,0.0,0.0,0.0,0.0
1nhm82w,train,0.06666666666666667,0.0,0.0,0.0,0.0,0.0,0.0
1nhol85,train,0.1111111111111111,0.0,0.0,0.0,0.0,1.0,0.0
1nf431y,train,0.07692307692307693,0.0,0.0,0.0,0.0,0.0,0.0
1nfcqkq,train,0.125,0.0,1.0,0.0,0.0,0.0,0.0
1nfdrer,train,0.07692307692307693,0.0,0.0,0.0,0.0,0.0,0.0
1nf36mt,train,0.0,0.0,0.0,0.0,0.0,0.0,0.0
1nfg3lo,train,0.0,0.0,0.0,0.0,0.0,0.0,0.0
1nfupiv,train,0.09090909090909091,0.0,0.0,0.0,0.0,0.0,0.0
1ngmcyu,train,0.0625,0.0,0.0,0.0,0.0,1.0,0.0
1n4x1nn,train,0.07142857142857142,0.0,0.0,0.0,0.0,0.0,0.0
1n4u384,train,0.125,0.0,0.0,0.0,0.0,1.0,0.0
1n43wuz,train,0.0,0.0,0.0,0.0,0.0,0.0,0.0
1n47r71,train,0.0625,0.0,0.0,0.0,0.0,0.0,0.0
1kq4whd,train,0.07692307692307693,0.0,0.0,0.0,0.0,1.0,0.0
1kw3tnv,train,0.0,0.0,0.0,0.0,0.0,0.0,0.0
1ky4r8x,train,0.02564102564102564,0.0,0.0,0.0,0.0,2.0,0.0
1kmsrff,train,0.0,0.0,0.0,0.0,0.0,0.0,0.0
1lxd8nl,train,0.08333333333333333,0.0,0.0,0.0,0.0,0.0,0.0
1mcb6gs,train,0.009708737864077669,0.0,0.0,0.0,0.0,1.0,0.0
1mbjuzg,train,0.008298755186721992,0.0,0.0,0.0,0.0,1.0,0.0
1lu4kr1,train,0.0,0.0,0.0,0.0,0.0,0.0,0.0
1ltu1oh,train,0.05555555555555555,0.0,0.0,0.0,0.0,1.0,0.0
1m0b804,train,0.2,0.0,0.0,0.0,0.0,1.0,0.0
1n74zkc,train,0.012658227848101266,0.0,0.0,0.0,0.0,3.0,0.0
1n8fb8f,train,0.01694915254237288,0.0,0.0,0.0,0.0,1.0,0.0
1mfgpmn,train,0.006127450980392157,0.0,0.0,2.0,0.0,24.0,0.0
1n1fgw9,train,0.0,0.0,0.0,0.0,0.0,0.0,0.0
1n3lzqt,train,0.14285714285714285,0.0,0.0,0.0,0.0,1.0,0.0
1n2r0uv,train,0.06666666666666667,0.0,0.0,0.0,0.0,2.0,0.0
1mmji0b,train,0.05,0.0,0.0,0.0,0.0,1.0,0.0
1meyosn,train,0.03125,0.0,0.0,0.0,0.0,2.0,0.0
1mf2zxd,train,0.008298755186721992,0.0,0.0,0.0,0.0,8.0,0.0
1mqhpcp,train,0.1111111111111111,0.0,0.0,0.0,0.0,1.0,0.0
1lfw5th,train,0.041666666666666664,0.0,0.0,0.0,0.0,0.0,0.0
1les5d2,train,0.012987012987012988,0.0,0.0,0.0,0.0,7.0,0.0
1ld0g7h,train,0.03896103896103896,0.0,0.0,0.0,0.0,1.0,0.0
1ll4476,train,0.015267175572519083,0.0,0.0,0.0,0.0,1.0,0.0
1l5hyoz,train,0.01818181818181818,0.0,0.0,0.0,0.0,1.0,0.0
1limy09,train,0.037383177570093455,0.0,0.0,0.0,0.0,3.0,0.0
1l4zjiq,train,0.07142857142857142,0.0,0.0,0.0,0.0,1.0,0.0
1l7d2qw,train,0.02666666666666667,0.0,0.0,0.0,0.0,4.0,0.0
1l7cul6,train,0.041666666666666664,0.0,0.0,0.0,0.0,1.0,0.0
1l7blns,train,0.0,0.0,0.0,0.0,0.0,0.0,0.0
1laevm1,train,0.07692307692307693,0.0,0.0,0.0,0.0,0.0,0.0
1lc2zzf,train,0.00641025641025641,0.0,0.0,0.0,0.0,2.0,0.0
1n83vuu,train,0.043478260869565216,0.0,0.0,0.0,0.0,1.0,0.0
1n8k312,train,0.03773584905660377,0.0,0.0,0.0,0.0,0.0,1.0
1n9qb3b,train,0.03,0.0,0.0,1.0,0.0,3.0,0.0
1n9b4rc,train,0.03225806451612903,0.0,0.0,1.0,0.0,0.0,0.0
1nef6ub,train,0.0013513513513513514,0.0,0.0,0.0,0.0,0.0,0.0
1ne0hgf,train,0.009708737864077669,0.0,0.0,0.0,0.0,0.0,0.0
1neqf0c,train,0.03333333333333333,0.0,0.0,0.0,0.0,1.0,0.0
1neksha,train,0.0234375,0.0,0.0,0.0,0.0,1.0,0.0
1nee9p5,train,0.011904761904761904,0.0,0.0,0.0,0.0,0.0,0.0
1nebfqm,train,0.058823529411764705,0.0,0.0,0.0,0.0,0.0,0.0
1netjga,train,0.008771929824561403,0.0,0.0,0.0,0.0,0.0,0.0
1nidm38,train,0.014084507042253521,0.0,0.0,1.0,0.0,0.0,0.0
1nil7pg,train,0.015267175572519083,0.0,0.0,0.0,0.0,0.0,0.0
1nixbkf,train,0.017241379310344827,0.0,0.0,0.0,0.0,0.0,0.0
1nia4s3,train,0.013888888888888888,0.0,0.0,0.0,0.0,0.0,0.0
1njklab,train,0.0136986301369863,0.0,0.0,0.0,0.0,5.0,0.0
1njfpb9,train,0.0,0.0,0.0,0.0,0.0,0.0,0.0
1njkkpr,train,0.013452914798206279,0.0,0.0,0.0,0.0,1.0,0.0
1njgmo8,train,0.010752688172043012,0.0,0.0,0.0,0.0,1.0,0.0
1nj9sys,train,0.0072992700729927005,0.0,0.0,0.0,0.0,0.0,0.0
1ndl59d,train,0.002699055330634278,0.0,0.0,1.0,0.0,0.0,0.0
1nd8220,train,0.017857142857142856,0.0,0.0,0.0,0.0,0.0,0.0
1ndajm6,train,0.02564102564102564,0.0,0.0,0.0,0.0,0.0,0.0
1nd75q0,train,0.01818181818181818,0.0,0.0,0.0,0.0,1.0,0.0
1nb0okk,train,0.02072538860103627,0.0,0.0,0.0,0.0,1.0,0.0
1nalsse,train,0.03409090909090909,0.0,0.0,0.0,0.0,3.0,0.0
1ncep32,train,0.011904761904761904,0.0,0.0,0.0,0.0,0.0,0.0
1ncvet1,train,0.010101010101010102,0.0,0.0,0.0,0.0,0.0,0.0
1nckark,train,0.024096385542168676,0.0,0.0,0.0,0.0,0.0,0.0
1nd4rz0,train,0.07142857142857142,0.0,0.0,0.0,0.0,0.0,0.0
1nced4o,train,0.007352941176470588,0.0,0.0,0.0,0.0,0.0,0.0
1ncrcyv,train,0.02654867256637168,0.0,0.0,0.0,0.0,0.0,0.0
1ncnjae,train,0.016666666666666666,0.0,0.0,0.0,0.0,0.0,0.0
1ncuv1q,train,0.011363636363636364,0.0,0.0,0.0,0.0,0.0,0.0
1nckjx3,train,0.022222222222222223,0.0,0.0,0.0,0.0,2.0,0.0
1nbjehy,train,0.0024630541871921183,0.0,1.0,0.0,0.0,9.0,1.0
1nbwtno,train,0.043478260869565216,0.0,0.0,0.0,0.0,0.0,0.0
1naez1w,train,0.05,0.0,0.0,0.0,0.0,0.0,1.0
1na4xd7,train,0.18181818181818182,0.0,0.0,0.0,0.0,1.0,0.0
1na71it,train,0.012145748987854251,1.0,1.0,0.0,0.0,2.0,0.0
1n9vd72,train,0.045454545454545456,0.0,0.0,0.0,0.0,0.0,0.0
1n9znkp,train,0.00267379679144385,0.0,0.0,0.0,0.0,6.0,0.0
1na8535,train,0.010526315789473684,0.0,0.0,1.0,0.0,0.0,0.0
1nahi9c,train,0.0051813471502590676,0.0,0.0,0.0,0.0,1.0,0.0
1nac1ua,train,0.012578616352201259,0.0,1.0,0.0,1.0,8.0,0.0
1nhvp01,train,0.007957559681697613,0.0,0.0,0.0,0.0,1.0,0.0
1ni4qku,train,0.008090614886731391,0.0,0.0,0.0,0.0,1.0,0.0
1nhes6x,train,0.0,0.0,0.0,0.0,0.0,0.0,0.0
1nhelfu,train,0.022058823529411766,0.0,0.0,0.0,0.0,1.0,0.0
1nhe9zg,train,0.05454545454545454,0.0,0.0,1.0,0.0,0.0,0.0
1nf8xhs,train,0.04285714285714286,0.0,0.0,0.0,0.0,2.0,0.0
1nfkmlc,train,0.010830324909747292,0.0,0.0,0.0,0.0,4.0,2.0
1nf9szp,train,0.038461538461538464,0.0,0.0,0.0,0.0,0.0,0.0
1nf5cr0,train,0.09090909090909091,0.0,0.0,0.0,0.0,0.0,0.0
1nfex6t,train,0.004545454545454545,0.0,0.0,0.0,0.0,0.0,0.0
1ng5azt,train,0.015748031496062992,0.0,0.0,0.0,0.0,0.0,0.0
1nftrrq,train,0.022727272727272728,0.0,0.0,0.0,0.0,2.0,0.0
1nfqlm6,train,0.005714285714285714,0.0,0.0,0.0,0.0,7.0,0.0
1nfpfp4,train,0.05263157894736842,0.0,0.0,0.0,0.0,0.0,0.0
1nfp373,train,0.006160164271047228,0.0,0.0,0.0,0.0,3.0,0.0
1nfud9l,train,0.029850746268656716,0.0,0.0,0.0,0.0,1.0,0.0
1ng4u4k,train,0.029850746268656716,0.0,0.0,0.0,0.0,3.0,0.0
1nfpoad,train,0.04,0.0,0.0,0.0,0.0,2.0,0.0
1ng0fx1,train,0.023622047244094488,0.0,0.0,1.0,0.0,2.0,0.0
1ng9vuh,train,0.0047169811320754715,0.0,0.0,0.0,0.0,0.0,0.0
1ng69y1,train,0.017241379310344827,0.0,0.0,0.0,0.0,2.0,0.0
1nfw8qm,train,0.014319809069212411,0.0,0.0,0.0,0.0,0.0,0.0
1ngjzuz,train,0.011494252873563218,0.0,0.0,0.0,0.0,1.0,0.0
1ng2oyl,train,0.08333333333333333,2.0,2.0,0.0,0.0,0.0,0.0
1nfwctv,train,0.028037383177570093,0.0,0.0,0.0,0.0,1.0,0.0
1ng378m,train,0.004098360655737705,0.0,0.0,0.0,0.0,1.0,0.0
1ngz5s2,train,0.013888888888888888,0.0,0.0,0.0,0.0,0.0,0.0
1ngxrus,train,0.014492753623188406,0.0,0.0,0.0,0.0,1.0,0.0
1ngmoqa,train,0.037037037037037035,0.0,0.0,0.0,0.0,0.0,0.0
1ngs3i9,train,0.07317073170731707,0.0,0.0,1.0,0.0,0.0,0.0
1ngmvi2,train,0.0,0.0,0.0,0.0,0.0,0.0,0.0
1ngxi61,train,0.024390243902439025,0.0,0.0,0.0,0.0,1.0,1.0
1ngowdq,train,0.017241379310344827,0.0,0.0,0.0,0.0,1.0,0.0
1n7etd8,train,0.1,0.0,0.0,0.0,0.0,1.0,0.0
1n7g49p,train,0.06666666666666667,0.0,0.0,0.0,0.0,1.0,0.0
1ndliom,train,0.06666666666666667,0.0,0.0,0.0,0.0,0.0,0.0
1nddgl5,train,0.1,0.0,0.0,0.0,0.0,0.0,0.0
1ndjtbc,train,0.08333333333333333,0.0,0.0,0.0,0.0,0.0,0.0
1napu72,train,0.05555555555555555,0.0,0.0,0.0,0.0,0.0,0.0
1ncqnzs,train,0.08333333333333333,0.0,0.0,0.0,0.0,1.0,0.0
1nck3hm,train,0.05555555555555555,0.0,0.0,0.0,0.0,0.0,0.0
1nckqqg,train,0.05263157894736842,0.0,0.0,0.0,0.0,0.0,0.0
1n7iyfc,train,0.08333333333333333,0.0,0.0,0.0,0.0,0.0,0.0
1n7ju37,train,0.02702702702702703,0.0,0.0,0.0,0.0,0.0,0.0
1n79v44,train,0.058823529411764705,0.0,0.0,0.0,0.0,0.0,0.0
1n8h63x,train,0.0,0.0,0.0,0.0,0.0,0.0,0.0
1n8h8vj,train,0.0,0.0,0.0,0.0,0.0,0.0,0.0
1n983y9,train,0.125,0.0,0.0,1.0,0.0,0.0,0.0
1nei5ed,train,0.1111111111111111,0.0,0.0,0.0,0.0,1.0,0.0
1nem0b4,train,0.0,0.0,0.0,0.0,0.0,0.0,0.0
1nixd5a,train,0.1,0.0,0.0,0.0,0.0,1.0,0.0
1nirn9j,train,0.07692307692307693,0.0,0.0,0.0,0.0,0.0,0.0
1njeaco,train,0.16666666666666666,1.0,2.0,0.0,0.0,0.0,0.0
1ndm2y0,train,0.0,0.0,0.0,0.0,0.0,0.0,0.0
1ndzka8,train,0.08333333333333333,0.0,0.0,0.0,0.0,0.0,0.0
1ncecge,train,0.0,0.0,0.0,0.0,0.0,0.0,0.0
1nbin06,train,0.13333333333333333,0.0,0.0,1.0,0.0,0.0,0.0
1nc4y7f,train,0.0,0.0,0.0,0.0,0.0,0.0,0.0
1n69vk5,train,0.0,0.0,0.0,0.0,0.0,0.0,0.0
1nhgsbr,train,0.08333333333333333,0.0,0.0,1.0,0.0,0.0,0.0
1nhi1uy,train,0.0,0.0,0.0,0.0,0.0,0.0,0.0
1nhd767,train,0.03333333333333333,0.0,0.0,0.0,0.0,0.0,0.0
1nfes76,train,0.11764705882352941,0.0,0.0,0.0,0.0,1.0,0.0
1nfq28q,train,0.08333333333333333,0.0,0.0,0.0,0.0,0.0,0.0
1n4j0s8,train,0.125,0.0,0.0,0.0,0.0,1.0,0.0
1n0lja0,val,0.1111111111111111,0.0,0.0,0.0,0.0,0.0,0.0
1mzqsjf,val,0.1111111111111111,0.0,0.0,0.0,0.0,1.0,0.0
1n1mbhz,val,0.0,0.0,0.0,0.0,0.0,0.0,0.0
1n1mvvp,val,0.0,0.0,0.0,0.0,0.0,0.0,0.0
1n08h8d,val,0.0,0.0,0.0,0.0,0.0,0.0,0.0
1n0agzz,val,0.05,0.0,0.0,0.0,0.0,1.0,0.0
1mzcgzp,val,0.14285714285714285,0.0,0.0,0.0,0.0,1.0,0.0
1n0shwv,val,0.1111111111111111,0.0,0.0,0.0,0.0,1.0,0.0
1n2dvjh,val,0.1111111111111111,0.0,0.0,1.0,0.0,0.0,0.0
1mruz5d,val,0.05263157894736842,0.0,0.0,0.0,0.0,2.0,0.0
1n0js1i,val,0.02247191011235955,0.0,0.0,1.0,0.0,2.0,0.0
1mxx5mc,val,0.125,0.0,0.0,0.0,0.0,1.0,0.0
1mulxmm,val,0.1111111111111111,0.0,0.0,0.0,0.0,0.0,0.0
1mzyj2z,val,0.16666666666666666,0.0,0.0,0.0,0.0,0.0,0.0
1mwi890,val,0.1111111111111111,0.0,0.0,0.0,0.0,1.0,0.0
1n1su71,val,0.0,0.0,0.0,0.0,0.0,0.0,0.0
1mvesg5,val,0.08333333333333333,0.0,0.0,0.0,0.0,1.0,0.0
1n1h7y7,val,0.1111111111111111,0.0,0.0,0.0,0.0,0.0,0.0
1n139ho,val,0.07142857142857142,0.0,0.0,0.0,0.0,1.0,0.0
1n1fn11,val,0.043478260869565216,1.0,1.0,0.0,0.0,1.0,0.0
1mvj6po,val,0.012658227848101266,0.0,0.0,0.0,0.0,0.0,0.0
1mwaxi2,val,0.047619047619047616,0.0,0.0,0.0,0.0,1.0,0.0
1mxb9v2,val,0.005291005291005291,0.0,0.0,0.0,0.0,0.0,0.0
1mrn8ne,val,0.09090909090909091,0.0,0.0,0.0,0.0,0.0,0.0
1n1cjni,val,0.05,0.0,0.0,0.0,0.0,1.0,0.0
1mqvp0k,val,0.0,0.0,0.0,0.0,0.0,0.0,0.0
1myyanz,val,0.08333333333333333,0.0,0.0,0.0,0.0,0.0,0.0
1n0lbx5,val,0.07142857142857142,0.0,0.0,0.0,0.0,0.0,0.0
1muc6e0,val,0.1,0.0,0.0,0.0,0.0,1.0,0.0
1n0jina,val,0.09090909090909091,1.0,1.0,0.0,0.0,0.0,0.0
1mw67j2,val,0.0625,0.0,0.0,0.0,0.0,1.0,0.0
1n0phwm,val,0.14285714285714285,0.0,0.0,0.0,0.0,1.0,0.0
1mzba3t,val,0.1,0.0,1.0,0.0,0.0,0.0,0.0
1muebgt,val,0.0625,0.0,0.0,0.0,0.0,1.0,0.0
1mz98zz,val,0.16666666666666666,0.0,0.0,0.0,0.0,1.0,0.0
1mx4l1p,val,0.2222222222222222,0.0,0.0,0.0,0.0,1.0,0.0
1mxc5j3,val,0.0,0.0,0.0,0.0,0.0,0.0,0.0
1mpxlow,val,0.043478260869565216,0.0,0.0,0.0,0.0,0.0,0.0
1mys2hg,val,0.0,0.0,0.0,0.0,0.0,0.0,0.0
1mzq5r0,val,0.05263157894736842,0.0,0.0,0.0,0.0,1.0,0.0
1mztevy,val,0.2222222222222222,0.0,0.0,0.0,0.0,0.0,1.0
1mq02c6,val,0.09090909090909091,0.0,0.0,0.0,0.0,1.0,0.0
1my890r,val,0.05263157894736842,0.0,0.0,0.0,0.0,1.0,0.0
1n3eddn,val,0.0,0.0,0.0,0.0,0.0,0.0,0.0
1n0ghhk,val,0.14285714285714285,0.0,0.0,0.0,0.0,0.0,0.0
1mxotjf,val,0.0,0.0,0.0,0.0,0.0,0.0,0.0
1n0f3ji,val,0.058823529411764705,0.0,0.0,0.0,0.0,1.0,0.0
1mzoa90,val,0.006711409395973154,0.0,0.0,0.0,0.0,0.0,0.0
1n0sn2a,val,0.0,0.0,0.0,0.0,0.0,0.0,0.0
1n33zul,val,0.0,0.0,0.0,0.0,0.0,0.0,0.0
1mz6izb,val,0.08333333333333333,0.0,0.0,0.0,0.0,0.0,0.0
1mxraf6,val,0.1,0.0,0.0,0.0,0.0,1.0,0.0
1mp7942,val,0.09090909090909091,0.0,0.0,0.0,0.0,1.0,0.0
1mzuh66,val,0.0,0.0,0.0,0.0,0.0,0.0,0.0
1n0rjya,val,0.0625,0.0,0.0,0.0,0.0,0.0,0.0
1n3f0nv,val,0.0,0.0,0.0,0.0,0.0,0.0,0.0
1n0zcq7,val,0.07142857142857142,0.0,0.0,0.0,0.0,0.0,0.0
1n2prqm,val,0.07692307692307693,0.0,0.0,0.0,0.0,1.0,0.0
1n0kb08,val,0.07142857142857142,0.0,0.0,0.0,0.0,2.0,0.0
1mzee1f,val,0.08333333333333333,0.0,0.0,0.0,0.0,0.0,0.0
1n0s9s2,val,0.058823529411764705,0.0,0.0,0.0,0.0,1.0,0.0
1mx9a8s,val,0.10526315789473684,0.0,0.0,0.0,0.0,1.0,0.0
1n3xnwx,val,0.00909090909090909,0.0,0.0,0.0,0.0,0.0,0.0
1n3mnsw,val,0.0033333333333333335,0.0,0.0,0.0,0.0,0.0,0.0
1n3xi0i,val,0.08333333333333333,0.0,0.0,0.0,0.0,0.0,0.0
1mz58a5,val,0.2727272727272727,0.0,0.0,0.0,0.0,1.0,0.0
1n3wdtz,val,0.017391304347826087,0.0,0.0,0.0,0.0,3.0,0.0
1n26dzi,val,0.1111111111111111,0.0,0.0,0.0,0.0,1.0,0.0
1n3y9b3,val,0.05,0.0,0.0,0.0,0.0,0.0,0.0
1n3vmxr,val,0.09090909090909091,0.0,0.0,0.0,0.0,0.0,0.0
1n3s8bx,val,0.09090909090909091,0.0,0.0,0.0,0.0,0.0,0.0
1n20cha,val,0.09090909090909091,0.0,0.0,0.0,0.0,0.0,0.0
1n3mp0s,val,0.030303030303030304,0.0,0.0,0.0,0.0,0.0,0.0
1n2ivl3,val,0.09090909090909091,0.0,0.0,0.0,0.0,1.0,0.0
1n0hatj,val,0.1,0.0,0.0,0.0,0.0,1.0,0.0
1n0itcz,val,0.08333333333333333,0.0,0.0,0.0,0.0,0.0,0.0
1mvrt15,val,0.0,0.0,0.0,0.0,0.0,0.0,0.0
1mwxx98,val,0.09090909090909091,0.0,0.0,0.0,0.0,1.0,0.0
1mvyfdv,val,0.0,0.0,0.0,0.0,0.0,0.0,0.0
1n2bv9s,val,0.14285714285714285,0.0,0.0,0.0,0.0,2.0,0.0
1n2hk3v,val,0.08333333333333333,0.0,0.0,0.0,0.0,0.0,0.0
1n0w0pq,val,0.1,0.0,0.0,0.0,0.0,0.0,0.0
1n08lm6,val,0.07692307692307693,0.0,0.0,0.0,0.0,0.0,0.0
1mrh541,val,0.0,0.0,0.0,0.0,0.0,0.0,0.0
1mrpttm,val,0.15384615384615385,0.0,0.0,0.0,0.0,1.0,0.0
1mr7ugm,val,0.15789473684210525,0.0,0.0,0.0,0.0,1.0,0.0
1mqu4d4,val,0.0,0.0,0.0,0.0,0.0,0.0,0.0
1mrqdje,val,0.0,0.0,0.0,0.0,0.0,0.0,0.0
1n29rkq,val,0.1,0.0,0.0,0.0,0.0,0.0,0.0
1nc71bh,val,0.013289036544850499,0.0,0.0,0.0,0.0,0.0,0.0
1mp1gcv,val,0.005385996409335727,0.0,0.0,0.0,0.0,0.0,0.0
1n7buwd,val,0.038461538461538464,0.0,0.0,0.0,0.0,0.0,0.0
1n6rwop,val,0.07692307692307693,0.0,0.0,0.0,0.0,1.0,0.0
1ne7ges,val,0.18181818181818182,0.0,0.0,0.0,0.0,1.0,0.0
1nemzt9,val,0.09090909090909091,0.0,0.0,0.0,0.0,1.0,0.0
1ne9wn4,val,0.0,0.0,0.0,0.0,0.0,0.0,0.0
1niopeo,val,0.08333333333333333,0.0,0.0,0.0,0.0,1.0,0.0
1nb4w5s,val,0.0,0.0,0.0,0.0,0.0,0.0,0.0
1nc67qw,val,0.07692307692307693,0.0,0.0,0.0,0.0,1.0,0.0
1n9y1ln,val,0.09090909090909091,1.0,1.0,0.0,0.0,0.0,0.0
1n7t5xw,val,0.08333333333333333,0.0,0.0,0.0,0.0,2.0,0.0
1n7qvxw,val,0.1,0.0,0.0,0.0,0.0,1.0,0.0
1n78we7,val,0.1111111111111111,0.0,0.0,0.0,0.0,1.0,0.0
1n8gxhc,val,0.0,0.0,0.0,0.0,0.0,0.0,0.0
1n8bfa3,val,0.1111111111111111,0.0,0.0,0.0,0.0,1.0,0.0
1n98wv2,val,0.09090909090909091,0.0,0.0,0.0,0.0,0.0,0.0
1n8zfwd,val,0.1111111111111111,0.0,0.0,0.0,0.0,0.0,0.0
1n99wrk,val,0.2222222222222222,0.0,0.0,0.0,0.0,0.0,0.0
1n6z4c1,val,0.0,0.0,0.0,0.0,0.0,0.0,0.0
1n6tfx6,val,0.1,0.0,0.0,0.0,0.0,0.0,0.0
1n6zrhg,val,0.0,0.0,0.0,0.0,0.0,0.0,0.0
1n70u7v,val,0.14285714285714285,0.0,0.0,0.0,0.0,1.0,0.0
1n6mcs0,val,0.07142857142857142,0.0,0.0,0.0,0.0,1.0,0.0
1n6pp8e,val,0.045454545454545456,0.0,0.0,0.0,0.0,0.0,0.0
1n6ce6h,val,0.045454545454545456,0.0,0.0,0.0,0.0,0.0,0.0
1nefi5o,val,0.0,0.0,0.0,0.0,0.0,0.0,0.0
1ne4hnj,val,0.037037037037037035,0.0,0.0,0.0,0.0,1.0,0.0
1neflm5,val,0.2222222222222222,0.0,0.0,0.0,0.0,1.0,0.0
1nelcey,val,0.07142857142857142,0.0,0.0,0.0,0.0,1.0,0.0
1nedsij,val,0.07142857142857142,0.0,0.0,0.0,0.0,0.0,0.0
1nej84z,val,0.1111111111111111,0.0,0.0,0.0,0.0,1.0,0.0
1nifay3,val,0.0,0.0,0.0,0.0,0.0,0.0,0.0
1nif9gm,val,0.03125,0.0,0.0,0.0,0.0,1.0,0.0
1niuzhl,val,0.0,0.0,0.0,0.0,0.0,0.0,0.0
1ninzst,val,0.1,0.0,0.0,0.0,0.0,2.0,0.0
1niqqyf,val,0.08333333333333333,0.0,0.0,0.0,0.0,0.0,0.0
1ninxgz,val,0.07142857142857142,0.0,0.0,0.0,0.0,0.0,0.0
1nibbrx,val,0.1,0.0,0.0,0.0,0.0,1.0,0.0
1njhq6y,val,0.18181818181818182,1.0,2.0,0.0,0.0,0.0,0.0
1nj8yl0,val,0.07142857142857142,0.0,0.0,0.0,0.0,0.0,0.0
1nj9t1k,val,0.09090909090909091,0.0,0.0,0.0,0.0,0.0,0.0
1njkf9e,val,0.1,0.0,0.0,0.0,0.0,0.0,0.0
1ndhhax,val,0.07142857142857142,0.0,0.0,0.0,0.0,0.0,0.0
1ndfoiz,val,0.125,0.0,0.0,0.0,0.0,0.0,0.0
1nd6lu8,val,0.08333333333333333,0.0,0.0,0.0,0.0,0.0,0.0
1nd65xv,val,0.125,0.0,0.0,0.0,0.0,1.0,0.0
1ndgvdl,val,0.07692307692307693,0.0,0.0,0.0,0.0,0.0,0.0
1ndhi9j,val,0.1111111111111111,0.0,0.0,0.0,0.0,1.0,0.0
1nas7rb,val,0.0625,0.0,0.0,0.0,0.0,1.0,0.0
1naqa42,val,0.09090909090909091,0.0,0.0,0.0,0.0,0.0,0.0
1natkyf,val,0.07692307692307693,0.0,0.0,0.0,0.0,1.0,0.0
1narqb9,val,0.09090909090909091,0.0,0.0,0.0,0.0,1.0,0.0
1nb429h,val,0.06666666666666667,0.0,0.0,0.0,0.0,1.0,0.0
1nb7yzs,val,0.06666666666666667,0.0,0.0,0.0,0.0,1.0,0.0
1nckv37,val,0.07692307692307693,0.0,0.0,0.0,0.0,1.0,0.0
1nco0oa,val,0.1,0.0,0.0,0.0,0.0,1.0,0.0
1nczvz1,val,0.07407407407407407,0.0,0.0,0.0,0.0,0.0,0.0
1ncjejl,val,0.09090909090909091,0.0,0.0,0.0,0.0,1.0,0.0
1ncbmqf,val,0.1111111111111111,0.0,0.0,0.0,0.0,1.0,0.0
1nct752,val,0.08695652173913043,0.0,0.0,0.0,0.0,1.0,0.0
1nc40k4,val,0.1111111111111111,0.0,0.0,0.0,0.0,1.0,0.0
1nbusan,val,0.125,0.0,0.0,0.0,0.0,0.0,0.0
1nc4flz,val,0.07692307692307693,0.0,0.0,0.0,0.0,1.0,0.0
1nbnjk6,val,0.0,0.0,0.0,0.0,0.0,0.0,0.0
1nbzq7s,val,0.07142857142857142,0.0,0.0,0.0,0.0,0.0,0.0
1nbv6mx,val,0.09090909090909091,0.0,0.0,0.0,0.0,1.0,0.0
1n5uugs,val,0.125,0.0,0.0,0.0,0.0,1.0,0.0
1n5ovi9,val,0.03571428571428571,0.0,0.0,0.0,0.0,0.0,0.0
1n68heo,val,0.08333333333333333,0.0,0.0,0.0,0.0,1.0,0.0
1n5igtm,val,0.14285714285714285,0.0,0.0,0.0,0.0,1.0,0.0
1n5x8k3,val,0.0,0.0,0.0,0.0,0.0,0.0,0.0
1n6ap6d,val,0.125,0.0,0.0,1.0,0.0,0.0,0.0
1n5h6f7,val,0.03571428571428571,0.0,0.0,0.0,0.0,1.0,0.0
1n6713c,val,0.047619047619047616,0.0,0.0,0.0,0.0,1.0,0.0
1n5ygo9,val,0.0,0.0,0.0,0.0,0.0,0.0,0.0
1n60ew9,val,0.16666666666666666,0.0,0.0,0.0,0.0,1.0,0.0
1n9xe8b,val,0.08333333333333333,0.0,0.0,0.0,0.0,1.0,0.0
1na8wg1,val,0.1,0.0,0.0,0.0,0.0,1.0,1.0
1n9ury6,val,0.1,0.0,0.0,0.0,0.0,1.0,0.0
1na7hny,val,0.125,0.0,0.0,0.0,0.0,1.0,0.0
1n9rf2w,val,0.125,0.0,0.0,0.0,0.0,1.0,0.0
1ni02xe,val,0.09090909090909091,0.0,0.0,0.0,0.0,0.0,0.0
1nhqxi4,val,0.1111111111111111,0.0,0.0,0.0,0.0,1.0,0.0
1nhipak,val,0.0,0.0,0.0,0.0,0.0,0.0,0.0
1nhm0tu,val,0.1,0.0,0.0,0.0,0.0,1.0,0.0
1nf0r4j,val,0.0,0.0,0.0,0.0,0.0,0.0,0.0
1nfdf1r,val,0.09523809523809523,0.0,0.0,0.0,0.0,1.0,0.0
1nf1tjz,val,0.041666666666666664,0.0,0.0,0.0,0.0,0.0,0.0
1nf7snm,val,0.0,0.0,0.0,0.0,0.0,0.0,0.0
1nfder7,val,0.13333333333333333,0.0,0.0,0.0,0.0,1.0,0.0
1nf07lx,val,0.037037037037037035,0.0,0.0,0.0,0.0,0.0,0.0
1nf1q5n,val,0.1111111111111111,0.0,0.0,0.0,0.0,0.0,0.0
1nfckms,val,0.09090909090909091,0.0,0.0,0.0,0.0,1.0,0.0
1nf4khq,val,0.0,0.0,0.0,0.0,0.0,0.0,0.0
1ngd86l,val,0.08333333333333333,0.0,0.0,0.0,0.0,1.0,0.0
1nfz74c,val,0.07692307692307693,0.0,0.0,0.0,0.0,0.0,0.0
1ngbrix,val,0.1111111111111111,0.0,0.0,1.0,0.0,0.0,0.0
1nfth3y,val,0.0625,0.0,1.0,0.0,0.0,1.0,0.0
1nh0vcy,val,0.1111111111111111,0.0,0.0,0.0,0.0,1.0,0.0
1ngmc06,val,0.08333333333333333,0.0,0.0,0.0,0.0,1.0,0.0
1n44alj,val,0.0,0.0,0.0,0.0,0.0,0.0,0.0
1nemrqa,val,0.007518796992481203,0.0,0.0,0.0,0.0,6.0,0.0
1negtz2,val,0.04,0.0,0.0,0.0,0.0,1.0,0.0
1ne1x1c,val,0.0625,0.0,0.0,0.0,0.0,1.0,0.0
1nedxzv,val,0.008,0.0,0.0,0.0,0.0,2.0,0.0
1ne4jj8,val,0.125,0.0,0.0,0.0,0.0,1.0,0.0
1niwfc7,val,0.13636363636363635,0.0,0.0,0.0,0.0,1.0,0.0
1nib2o3,val,0.06666666666666667,0.0,0.0,0.0,0.0,1.0,1.0
1ninkf4,val,0.02,0.0,0.0,0.0,0.0,2.0,0.0
1njlrm7,val,0.009216589861751152,0.0,0.0,0.0,0.0,1.0,0.0
1ndlubh,val,0.005076142131979695,0.0,0.0,0.0,0.0,2.0,0.0
1ndvvd5,val,0.03333333333333333,0.0,0.0,0.0,0.0,4.0,0.0
1ndsnz7,val,0.013888888888888888,0.0,0.0,0.0,0.0,2.0,0.0
1nbdi1a,val,0.03529411764705882,0.0,0.0,0.0,0.0,6.0,1.0
1ncj9qy,val,0.01639344262295082,0.0,0.0,0.0,0.0,2.0,0.0
1nczcaj,val,0.008438818565400843,0.0,0.0,0.0,0.0,1.0,0.0
1ncdvjk,val,0.05,0.0,0.0,0.0,0.0,1.0,0.0
1nc2vyu,val,0.030612244897959183,0.0,0.0,0.0,0.0,3.0,0.0
1n9wxm4,val,0.1,0.0,0.0,0.0,0.0,1.0,0.0
1nhtewz,val,0.005208333333333333,0.0,0.0,0.0,0.0,3.0,0.0
1ni851d,val,0.0625,0.0,0.0,0.0,0.0,2.0,0.0
1nhi8c3,val,0.058823529411764705,0.0,0.0,0.0,0.0,1.0,0.0
1newpf6,val,0.009523809523809525,0.0,0.0,0.0,0.0,2.0,0.0
1nhzypy,val,0.017241379310344827,0.0,0.0,0.0,0.0,2.0,0.0
1nf6xzb,val,0.0625,0.0,0.0,0.0,0.0,1.0,0.0
1nfrb96,val,0.0136986301369863,0.0,0.0,0.0,0.0,1.0,0.0
1nf9sd7,val,0.004524886877828055,0.0,0.0,0.0,0.0,8.0,0.0
1nfpefr,val,0.00881057268722467,0.0,0.0,0.0,0.0,2.0,0.0
1nfsqr5,val,0.1111111111111111,0.0,0.0,0.0,0.0,1.0,0.0
1ngomca,val,0.006896551724137931,0.0,0.0,0.0,0.0,1.0,0.0
1ngrjqa,val,0.00847457627118644,0.0,0.0,0.0,0.0,2.0,0.0
1nhcqdb,val,0.1111111111111111,0.0,0.0,0.0,0.0,1.0,0.0
1msd0mk,val,0.013793103448275862,0.0,0.0,0.0,0.0,1.0,0.0
1mutghw,val,0.2,0.0,0.0,0.0,0.0,0.0,0.0
1nj94ze,val,0.18181818181818182,0.0,0.0,0.0,0.0,1.0,0.0
1ndguud,val,0.18181818181818182,0.0,0.0,0.0,0.0,0.0,0.0
1n7f2w8,val,0.004132231404958678,0.0,0.0,0.0,0.0,2.0,0.0
1n76dkq,val,0.006993006993006993,0.0,0.0,1.0,0.0,0.0,0.0
1n846k7,val,0.09090909090909091,0.0,0.0,0.0,0.0,1.0,0.0
1n89vqv,val,0.0,0.0,0.0,0.0,0.0,0.0,0.0
1n84i56,val,0.006535947712418301,0.0,0.0,0.0,0.0,0.0,0.0
1n9axh1,val,0.004415011037527594,0.0,0.0,0.0,0.0,0.0,0.0
1n915ev,val,0.005543237250554324,0.0,0.0,0.0,0.0,1.0,0.0
1n7585n,val,0.009523809523809525,0.0,0.0,0.0,0.0,0.0,0.0
1n9gc6p,val,0.061224489795918366,0.0,0.0,0.0,0.0,1.0,0.0
1n9al3j,val,0.00749063670411985,0.0,0.0,0.0,0.0,0.0,0.0
1n6z8oe,val,0.0,0.0,0.0,0.0,0.0,0.0,0.0
1n6hy1j,val,0.013888888888888888,0.0,0.0,0.0,0.0,0.0,0.0
1nenznh,val,0.011627906976744186,0.0,0.0,0.0,0.0,0.0,0.0
1nejgvm,val,0.0,0.0,0.0,0.0,0.0,0.0,0.0
1niwzbi,val,0.06896551724137931,0.0,0.0,0.0,0.0,2.0,0.0
1njf25j,val,0.0,0.0,0.0,0.0,0.0,0.0,0.0
1n5nxl4,val,0.007142857142857143,0.0,0.0,0.0,0.0,2.0,0.0
1n9zo07,val,0.014285714285714285,0.0,0.0,0.0,0.0,0.0,0.0
1nhwyx7,val,0.10526315789473684,0.0,0.0,0.0,0.0,2.0,0.0
1nhiz7t,val,0.019801980198019802,0.0,0.0,1.0,0.0,0.0,0.0
1ni101n,val,0.0196078431372549,0.0,0.0,0.0,0.0,0.0,0.0
1ng1b0t,val,0.05263157894736842,0.0,0.0,0.0,0.0,0.0,0.0
1ngm5cj,val,0.011627906976744186,0.0,0.0,0.0,0.0,3.0,0.0
1n4coy7,val,0.0196078431372549,0.0,0.0,0.0,0.0,0.0,1.0
1n7rysh,val,0.2727272727272727,0.0,0.0,0.0,0.0,0.0,0.0
1n7r83q,val,0.0,0.0,0.0,0.0,0.0,0.0,0.0
1n7ceez,val,0.16666666666666666,0.0,0.0,0.0,0.0,1.0,0.0
1n7fjuo,val,0.07692307692307693,0.0,0.0,0.0,0.0,0.0,0.0
1n8fzj4,val,0.18181818181818182,0.0,0.0,0.0,0.0,0.0,0.0
1n8ajoq,val,0.1,0.0,0.0,0.0,0.0,1.0,0.0
1n6um1w,val,0.0,0.0,0.0,0.0,0.0,0.0,0.0
1neiy7d,val,0.0,0.0,0.0,0.0,0.0,0.0,0.0
1ne7xl8,val,0.07692307692307693,0.0,0.0,0.0,0.0,0.0,0.0
1nejftw,val,0.03571428571428571,0.0,0.0,0.0,0.0,0.0,0.0
1nio1oz,val,0.08333333333333333,0.0,0.0,0.0,0.0,0.0,0.0
1ninla5,val,0.041666666666666664,0.0,0.0,0.0,0.0,0.0,0.0
1njlltb,val,0.0,0.0,0.0,0.0,0.0,0.0,0.0
1nb3qy2,val,0.023809523809523808,0.0,0.0,0.0,0.0,1.0,0.0
1ncov0u,val,0.1,0.0,0.0,0.0,0.0,0.0,0.0
1nclzsv,val,0.1111111111111111,0.0,0.0,0.0,0.0,0.0,0.0
1nd1hv4,val,0.06666666666666667,0.0,0.0,0.0,0.0,1.0,0.0
1nbw60e,val,0.2,0.0,0.0,0.0,0.0,1.0,0.0
1na5x6y,val,0.1111111111111111,0.0,0.0,0.0,0.0,0.0,0.0
1nae904,val,0.1,0.0,1.0,0.0,0.0,0.0,0.0
1nft1nl,val,0.07142857142857142,1.0,1.0,0.0,0.0,1.0,0.0
1n5fcxf,val,0.08333333333333333,0.0,0.0,0.0,0.0,1.0,0.0
1kykx6z,val,0.018867924528301886,0.0,0.0,0.0,0.0,3.0,0.0
1mn8x9j,val,0.05172413793103448,0.0,0.0,1.0,0.0,2.0,0.0
1ldzyjc,val,0.030927835051546393,0.0,0.0,0.0,0.0,6.0,0.0
1lfczre,val,0.05263157894736842,0.0,0.0,0.0,0.0,1.0,0.0
1li8df3,val,0.02702702702702703,0.0,0.0,0.0,0.0,1.0,0.0
1l7pe7r,val,0.007352941176470588,0.0,0.0,0.0,0.0,1.0,0.0
1n86xcw,val,0.01639344262295082,0.0,0.0,1.0,0.0,0.0,0.0
1neghla,val,0.0,0.0,0.0,0.0,0.0,0.0,0.0
1ni9lvo,val,0.023255813953488372,0.0,0.0,0.0,0.0,2.0,0.0
1niffpc,val,0.022727272727272728,0.0,0.0,0.0,0.0,0.0,0.0
1nih1do,val,0.024691358024691357,0.0,0.0,1.0,0.0,0.0,0.0
1nic3fw,val,0.008064516129032258,0.0,0.0,0.0,0.0,0.0,0.0
1njbuuv,val,0.0070921985815602835,0.0,0.0,0.0,0.0,0.0,0.0
1njbthg,val,0.024390243902439025,0.0,0.0,0.0,0.0,0.0,0.0
1ndp7ep,val,0.03571428571428571,0.0,0.0,0.0,0.0,0.0,0.0
1nanssx,val,0.014388489208633094,0.0,0.0,0.0,0.0,1.0,0.0
1nakq4e,val,0.030303030303030304,0.0,0.0,0.0,0.0,2.0,0.0
1ncx1qm,val,0.01092896174863388,0.0,0.0,0.0,0.0,1.0,0.0
1namjo2,val,0.05714285714285714,0.0,0.0,0.0,0.0,1.0,0.0
1n9xt56,val,0.0058823529411764705,0.0,0.0,0.0,0.0,0.0,1.0
1n9sxx1,val,0.02127659574468085,0.0,0.0,0.0,0.0,2.0,0.0
1na0ey1,val,0.05555555555555555,0.0,0.0,0.0,0.0,1.0,0.0
1n9vpmu,val,0.02040816326530612,0.0,0.0,0.0,0.0,2.0,0.0
1nhi43i,val,0.0234375,0.0,0.0,0.0,0.0,1.0,0.0
1nhsc56,val,0.017857142857142856,0.0,0.0,0.0,0.0,1.0,0.0
1nhffbu,val,0.00904977375565611,0.0,0.0,0.0,0.0,0.0,0.0
1nhtjfa,val,0.0018018018018018018,0.0,0.0,0.0,0.0,4.0,0.0
1nfe7l5,val,0.00625,0.0,0.0,0.0,0.0,0.0,0.0
1nhxh5e,val,0.013157894736842105,0.0,0.0,0.0,0.0,0.0,0.0
1ngfzep,val,0.008333333333333333,0.0,0.0,0.0,0.0,0.0,0.0
1nftqce,val,0.037037037037037035,0.0,0.0,0.0,0.0,1.0,0.0
1nfri22,val,0.041666666666666664,0.0,0.0,0.0,0.0,1.0,0.0
1nfu7sm,val,0.01775147928994083,0.0,0.0,0.0,0.0,0.0,0.0
1nh34q8,val,0.0045871559633027525,0.0,0.0,0.0,0.0,1.0,0.0
1ngmlwz,val,0.010101010101010102,0.0,0.0,0.0,0.0,1.0,0.0
1nfq80i,val,0.1,0.0,0.0,0.0,0.0,1.0,0.0
1nh0n0e,val,0.021505376344086023,0.0,0.0,0.0,0.0,0.0,1.0
1ngywjm,val,0.007444168734491315,0.0,0.0,0.0,0.0,4.0,0.0
1ngrmc4,val,0.004540295119182747,0.0,0.0,0.0,0.0,4.0,0.0
1ngvs56,val,0.10344827586206896,0.0,0.0,0.0,0.0,1.0,0.0
1ndndlc,val,0.125,0.0,0.0,0.0,0.0,0.0,0.0
1nb37ya,val,0.08333333333333333,0.0,0.0,0.0,0.0,0.0,0.0
1n5rb2m,val,0.043478260869565216,0.0,0.0,0.0,0.0,1.0,0.0
1n8xbei,val,0.0,0.0,0.0,0.0,0.0,0.0,0.0
1n8x0b9,val,0.1,0.0,0.0,0.0,0.0,1.0,0.0
1nih944,val,0.1111111111111111,0.0,0.0,1.0,0.0,0.0,0.0
1njjq0r,val,0.08333333333333333,1.0,1.0,0.0,0.0,0.0,0.0
1ndbsfo,val,0.08333333333333333,0.0,0.0,1.0,0.0,0.0,0.0
1nbvuyz,val,0.0,0.0,0.0,0.0,0.0,0.0,0.0
1n5wbo1,val,0.03125,0.0,0.0,0.0,0.0,0.0,0.0
1n51ou6,val,0.07142857142857142,0.0,0.0,0.0,0.0,0.0,0.0
1n1plgb,test,0.0111731843575419,0.0,0.0,0.0,0.0,0.0,0.0
1n02v38,test,0.09090909090909091,0.0,0.0,0.0,0.0,0.0,0.0
1mvw1s2,test,0.007462686567164179,0.0,0.0,0.0,0.0,0.0,0.0
1n0q50o,test,0.0,0.0,0.0,0.0,0.0,0.0,0.0
1mtw2r6,test,0.1,0.0,0.0,0.0,0.0,1.0,0.0
1mysdnr,test,0.07142857142857142,0.0,0.0,0.0,0.0,1.0,0.0
1mz7y5h,test,0.0625,0.0,0.0,0.0,0.0,1.0,0.0
1n2axrv,test,0.038461538461538464,0.0,0.0,0.0,0.0,0.0,0.0
1n0k2w7,test,0.0,0.0,0.0,0.0,0.0,0.0,0.0
1n1htds,test,0.1,0.0,0.0,0.0,0.0,1.0,0.0
1n2dkvt,test,0.038461538461538464,0.0,0.0,0.0,0.0,2.0,0.0
1myaljs,test,0.06666666666666667,0.0,0.0,0.0,0.0,1.0,0.0
1n1q5u8,test,0.047619047619047616,0.0,0.0,0.0,0.0,2.0,0.0
1n1hvhq,test,0.02631578947368421,0.0,0.0,0.0,0.0,0.0,0.0
1my14fc,test,0.03333333333333333,0.0,0.0,0.0,0.0,0.0,0.0
1n0of2u,test,0.08333333333333333,0.0,0.0,0.0,0.0,1.0,0.0
1my1b3t,test,0.07692307692307693,0.0,0.0,0.0,0.0,1.0,0.0
1myui69,test,0.08333333333333333,0.0,0.0,0.0,0.0,1.0,0.0
1n1oihz,test,0.1111111111111111,0.0,0.0,0.0,0.0,0.0,0.0
1mrao4m,test,0.08333333333333333,0.0,0.0,0.0,0.0,1.0,0.0
1n0f7yj,test,0.08333333333333333,0.0,0.0,0.0,0.0,1.0,0.0
1n1ozoi,test,0.08333333333333333,0.0,0.0,0.0,0.0,0.0,0.0
1n34aum,test,0.1,0.0,0.0,0.0,0.0,1.0,0.0
1mzo9bh,test,0.013986013986013986,0.0,0.0,0.0,0.0,1.0,0.0
1n1lqwu,test,0.1,0.0,0.0,0.0,0.0,2.0,0.0
1mysu40,test,0.045454545454545456,0.0,0.0,0.0,0.0,0.0,0.0
1mxx0b5,test,0.1111111111111111,0.0,0.0,0.0,0.0,1.0,0.0
1n3d70x,test,0.08333333333333333,0.0,0.0,0.0,0.0,1.0,0.0
1n20qyo,test,0.125,0.0,0.0,0.0,0.0,1.0,0.0
1n34p2j,test,0.08333333333333333,0.0,0.0,0.0,0.0,0.0,0.0
1mua4z8,test,0.09090909090909091,0.0,0.0,0.0,0.0,1.0,0.0
1mxnb6o,test,0.08333333333333333,0.0,0.0,0.0,0.0,1.0,0.0
1mvsxls,test,0.1,0.0,0.0,0.0,0.0,1.0,0.0
1n2wdts,test,0.08333333333333333,0.0,0.0,0.0,0.0,0.0,0.0
1n1i6t6,test,0.1,0.0,0.0,0.0,0.0,1.0,0.0
1n3hm5m,test,0.08333333333333333,0.0,0.0,0.0,0.0,0.0,0.0
1n377mn,test,0.03225806451612903,0.0,0.0,0.0,0.0,1.0,0.0
1n1mbsv,test,0.043478260869565216,0.0,0.0,0.0,0.0,1.0,0.0
1mvjllq,test,0.0,0.0,0.0,0.0,0.0,0.0,0.0
1mzyjxb,test,0.0,0.0,0.0,0.0,0.0,0.0,0.0
1n3bubx,test,0.125,1.0,1.0,0.0,0.0,0.0,0.0
1mzbqnl,test,0.0,0.0,0.0,0.0,0.0,0.0,0.0
1n0rcvb,test,0.06666666666666667,0.0,0.0,0.0,0.0,1.0,0.0
1mzn4bc,test,0.05,0.0,0.0,0.0,0.0,0.0,0.0
1mz8zra,test,0.007042253521126761,0.0,0.0,0.0,0.0,3.0,0.0
1myyx7w,test,0.16666666666666666,0.0,0.0,0.0,0.0,1.0,0.0
1mwdsym,test,0.0,0.0,0.0,0.0,0.0,0.0,0.0
1n34bp0,test,0.04,0.0,0.0,0.0,0.0,2.0,0.0
1n0nvk5,test,0.016666666666666666,0.0,0.0,1.0,0.0,0.0,0.0
1myajbg,test,0.045454545454545456,0.0,0.0,0.0,0.0,0.0,0.0
1mzw58j,test,0.2,0.0,0.0,0.0,0.0,1.0,0.0
1n0qxw7,test,0.0,0.0,0.0,0.0,0.0,0.0,0.0
1mrndkp,test,0.1111111111111111,0.0,0.0,0.0,0.0,1.0,0.0
1n2yhr4,test,0.0,0.0,0.0,0.0,0.0,0.0,0.0
1mukgv0,test,0.16666666666666666,0.0,0.0,0.0,0.0,0.0,0.0
1n3dr35,test,0.08,0.0,0.0,0.0,0.0,1.0,0.0
1mx3mh8,test,0.08333333333333333,0.0,0.0,0.0,0.0,1.0,0.0
1n0zve8,test,0.07692307692307693,0.0,0.0,0.0,0.0,2.0,0.0
1mxx643,test,0.18181818181818182,0.0,0.0,0.0,0.0,1.0,0.0
1my0t4v,test,0.0625,0.0,0.0,0.0,0.0,1.0,0.0
1mybwin,test,0.0,0.0,0.0,0.0,0.0,0.0,0.0
1n08xkr,test,0.07692307692307693,0.0,0.0,0.0,0.0,1.0,0.0
1n2jos3,test,0.1,0.0,0.0,0.0,0.0,1.0,0.0
1n0f6zq,test,0.07692307692307693,0.0,0.0,0.0,0.0,1.0,0.0
1n1si6b,test,0.08333333333333333,0.0,0.0,0.0,0.0,0.0,0.0
1mzrna3,test,0.06666666666666667,0.0,0.0,0.0,0.0,0.0,0.0
1n2d5tp,test,0.1,0.0,0.0,0.0,0.0,0.0,0.0
1mwy5jl,test,0.02564102564102564,0.0,0.0,0.0,0.0,0.0,0.0
1n3x9ye,test,0.07692307692307693,0.0,0.0,0.0,0.0,1.0,0.0
1n26kud,test,0.1,0.0,0.0,0.0,0.0,1.0,0.0
1mxciw8,test,0.025,0.0,0.0,0.0,0.0,0.0,0.0
1n3p33e,test,0.07692307692307693,0.0,0.0,0.0,0.0,0.0,0.0
1n3md2i,test,0.0,0.0,0.0,0.0,0.0,0.0,0.0
1n3ygx4,test,0.05263157894736842,0.0,0.0,0.0,0.0,1.0,0.0
1n1zg62,test,0.015267175572519083,0.0,0.0,0.0,0.0,1.0,0.0
1my2d76,test,0.0,0.0,0.0,0.0,0.0,0.0,0.0
1n1mh86,test,0.1111111111111111,0.0,0.0,0.0,0.0,2.0,0.0
1n40wdf,test,0.13333333333333333,0.0,0.0,0.0,0.0,0.0,0.0
1n0sm95,test,0.043478260869565216,0.0,0.0,0.0,0.0,1.0,0.0
1n0f0r7,test,0.037037037037037035,0.0,0.0,0.0,0.0,0.0,0.0
1n0lpbx,test,0.1,0.0,0.0,1.0,0.0,0.0,0.0
1mwsg0q,test,0.1,0.0,0.0,0.0,0.0,0.0,0.0
1mxbbct,test,0.2,0.0,0.0,0.0,0.0,1.0,0.0
1mx0pwd,test,0.13333333333333333,0.0,0.0,0.0,0.0,1.0,0.0
1mvxox8,test,0.0,0.0,0.0,0.0,0.0,0.0,0.0
1mx5tca,test,0.09090909090909091,0.0,0.0,0.0,0.0,1.0,0.0
1mvqnm3,test,0.05,0.0,0.0,0.0,0.0,1.0,0.0
1mvmtvf,test,0.07692307692307693,0.0,0.0,0.0,0.0,1.0,0.0
1n2fdxl,test,0.009302325581395349,0.0,0.0,0.0,0.0,4.0,0.0
1n0ra9s,test,0.16666666666666666,0.0,0.0,0.0,0.0,1.0,0.0
1n3dyec,test,0.09090909090909091,0.0,0.0,0.0,0.0,2.0,0.0
1n0gnds,test,0.1,0.0,0.0,0.0,0.0,0.0,0.0
1mv6rgr,test,0.006369426751592357,0.0,0.0,0.0,0.0,1.0,0.0
1mxmc04,test,0.058823529411764705,0.0,0.0,0.0,0.0,1.0,0.0
1mxn9l6,test,0.06666666666666667,0.0,0.0,0.0,0.0,1.0,0.0
1n3ze1l,test,0.004166666666666667,0.0,0.0,0.0,0.0,0.0,0.0
1n1jd0k,test,0.07692307692307693,0.0,0.0,0.0,0.0,0.0,0.0
1n0f6gi,test,0.010869565217391304,0.0,0.0,0.0,0.0,2.0,0.0
1ms5644,test,0.09090909090909091,0.0,0.0,0.0,0.0,1.0,0.0
1mqak9v,test,0.0,0.0,0.0,0.0,0.0,0.0,0.0
1mqqwys,test,0.0,0.0,0.0,0.0,0.0,0.0,0.0
1mqxp6w,test,0.030303030303030304,0.0,0.0,0.0,0.0,0.0,0.0
1mrncpi,test,0.1111111111111111,0.0,0.0,0.0,0.0,0.0,0.0
1mrydyp,test,0.0,0.0,0.0,0.0,0.0,0.0,0.0
1nhy73t,test,0.011363636363636364,0.0,0.0,0.0,0.0,0.0,1.0
1mimalb,test,0.03076923076923077,0.0,0.0,0.0,0.0,1.0,0.0
1n7d0kl,test,0.058823529411764705,0.0,0.0,0.0,0.0,1.0,0.0
1n954q2,test,0.03571428571428571,0.0,0.0,0.0,0.0,1.0,0.0
1n6nu9o,test,0.0625,0.0,0.0,0.0,0.0,2.0,0.0
1ninyq2,test,0.07692307692307693,0.0,0.0,0.0,0.0,0.0,0.0
1njafux,test,0.08,0.0,0.0,0.0,0.0,1.0,0.0
1nckpme,test,0.1111111111111111,0.0,0.0,0.0,0.0,1.0,0.0
1nd4qd2,test,0.07142857142857142,0.0,0.0,0.0,0.0,1.0,0.0
1ncogom,test,0.041666666666666664,0.0,0.0,0.0,0.0,0.0,0.0
1nc69ss,test,0.1,0.0,0.0,0.0,0.0,2.0,0.0
1nbfia7,test,0.09090909090909091,0.0,0.0,0.0,0.0,0.0,0.0
1n5m9m3,test,0.07692307692307693,0.0,0.0,0.0,0.0,0.0,0.0
1n9x9m4,test,0.043478260869565216,0.0,0.0,0.0,0.0,0.0,0.0
1nflale,test,0.14285714285714285,0.0,0.0,0.0,0.0,1.0,0.0
1n4gvki,test,0.0,0.0,0.0,0.0,0.0,0.0,0.0
1n7e1sh,test,0.09090909090909091,0.0,0.0,0.0,0.0,0.0,0.0
1n8s08n,test,0.18181818181818182,0.0,0.0,0.0,0.0,1.0,0.0
1n8eydj,test,0.0,0.0,0.0,0.0,0.0,0.0,0.0
1n8l2zr,test,0.0,0.0,0.0,0.0,0.0,0.0,0.0
1n8laad,test,0.14285714285714285,0.0,0.0,0.0,0.0,1.0,0.0
1n9fjss,test,0.06666666666666667,0.0,0.0,0.0,0.0,1.0,0.0
1n9a0vt,test,0.0,0.0,0.0,0.0,0.0,0.0,0.0
1n9h0s6,test,0.06666666666666667,0.0,0.0,0.0,0.0,0.0,0.0
1n98yfi,test,0.0,0.0,0.0,0.0,0.0,0.0,0.0
1n91n38,test,0.07692307692307693,0.0,0.0,0.0,0.0,0.0,0.0
1n98sh7,test,0.07692307692307693,0.0,0.0,0.0,0.0,0.0,0.0
1n94iku,test,0.0,0.0,0.0,0.0,0.0,0.0,0.0
1n6jbsd,test,0.2,0.0,0.0,0.0,0.0,1.0,0.0
1n6isge,test,0.09090909090909091,0.0,0.0,0.0,0.0,1.0,0.0
1n6tjl8,test,0.08333333333333333,0.0,0.0,0.0,0.0,1.0,0.0
1n6ewn3,test,0.04,0.0,0.0,0.0,0.0,0.0,0.0
1n6tmya,test,0.08333333333333333,1.0,1.0,0.0,0.0,0.0,0.0
1n6h3qc,test,0.09090909090909091,0.0,0.0,0.0,0.0,0.0,0.0
1n6paes,test,0.07692307692307693,0.0,0.0,0.0,0.0,0.0,0.0
1n6qrba,test,0.0,0.0,0.0,0.0,0.0,0.0,0.0
1ne4ie6,test,0.14285714285714285,0.0,0.0,0.0,0.0,1.0,0.0
1nedsmc,test,0.14285714285714285,0.0,0.0,0.0,0.0,1.0,0.0
1nefh06,test,0.02564102564102564,0.0,0.0,0.0,0.0,1.0,0.0
1nirfhg,test,0.1,0.0,0.0,0.0,0.0,1.0,0.0
1ni9zl1,test,0.16666666666666666,0.0,0.0,0.0,0.0,1.0,0.0
1nifd02,test,0.0,0.0,0.0,0.0,0.0,0.0,0.0
1nicvxs,test,0.058823529411764705,0.0,0.0,0.0,0.0,2.0,0.0
1nilfao,test,0.08333333333333333,0.0,0.0,0.0,0.0,0.0,0.0
1niviph,test,0.125,0.0,0.0,0.0,0.0,1.0,0.0
1nird29,test,0.0,0.0,0.0,0.0,0.0,0.0,0.0
1nif3u0,test,0.2,0.0,0.0,0.0,0.0,1.0,0.0
1nj91mo,test,0.0,0.0,0.0,0.0,0.0,0.0,0.0
1njpn8e,test,0.16666666666666666,0.0,0.0,0.0,0.0,1.0,0.0
1njam4d,test,0.07142857142857142,0.0,0.0,0.0,0.0,1.0,0.0
1njefac,test,0.05263157894736842,0.0,0.0,0.0,0.0,1.0,0.0
1nduqj2,test,0.09090909090909091,0.0,0.0,0.0,0.0,1.0,0.0
1nd69hu,test,0.0,0.0,0.0,0.0,0.0,0.0,0.0
1ndb9a8,test,0.0,0.0,0.0,0.0,0.0,0.0,0.0
1ndmkxq,test,0.14285714285714285,0.0,0.0,0.0,0.0,1.0,0.0
1ndmbat,test,0.07142857142857142,0.0,0.0,0.0,0.0,1.0,0.0
1ndt8pg,test,0.05555555555555555,0.0,0.0,0.0,0.0,1.0,0.0
1nd7w72,test,0.06666666666666667,0.0,0.0,0.0,0.0,1.0,0.0
1ndecpe,test,0.0,0.0,0.0,0.0,0.0,0.0,0.0
1ndjc6p,test,0.125,0.0,0.0,0.0,0.0,1.0,0.0
1naw5hz,test,0.1,0.0,0.0,0.0,0.0,0.0,0.0
1narvkw,test,0.1,0.0,0.0,0.0,0.0,1.0,0.0
1nb0r40,test,0.1111111111111111,0.0,0.0,0.0,0.0,1.0,0.0
1nb2eq9,test,0.1,0.0,0.0,0.0,0.0,1.0,0.0
1nci86l,test,0.1,0.0,0.0,0.0,0.0,0.0,0.0
1nctqbj,test,0.041666666666666664,0.0,0.0,0.0,0.0,1.0,0.0
1nc2z09,test,0.0,0.0,0.0,0.0,0.0,0.0,0.0
1nbzrwk,test,0.09090909090909091,0.0,0.0,0.0,0.0,1.0,0.0
1nbn3oj,test,0.08333333333333333,0.0,0.0,0.0,0.0,1.0,0.0
1nbvuwc,test,0.07142857142857142,0.0,0.0,0.0,0.0,1.0,0.0
1nbvqt8,test,0.125,0.0,0.0,0.0,0.0,0.0,0.0
1n5qsr5,test,0.0,0.0,0.0,0.0,0.0,0.0,0.0
1na957j,test,0.06666666666666667,0.0,0.0,0.0,0.0,0.0,0.0
1n9v3dk,test,0.07692307692307693,0.0,0.0,0.0,0.0,1.0,0.0
1n9re19,test,0.16666666666666666,0.0,0.0,0.0,0.0,1.0,0.0
1na5mm2,test,0.08333333333333333,0.0,0.0,0.0,0.0,0.0,0.0
1nae1hc,test,0.047619047619047616,0.0,0.0,0.0,0.0,1.0,0.0
1nhujnk,test,0.07142857142857142,0.0,0.0,0.0,0.0,1.0,0.0
1nf1ofz,test,0.0,0.0,0.0,0.0,0.0,0.0,0.0
1nez75x,test,0.03333333333333333,0.0,0.0,0.0,0.0,2.0,0.0
1nfag0t,test,0.25,0.0,0.0,0.0,0.0,1.0,0.0
1nfsrko,test,0.07692307692307693,0.0,0.0,0.0,0.0,1.0,0.0
1ng8dzr,test,0.1,0.0,0.0,0.0,0.0,1.0,0.0
1nfunlc,test,0.07692307692307693,0.0,0.0,0.0,0.0,1.0,0.0
1ngr3r7,test,0.1111111111111111,0.0,0.0,0.0,0.0,0.0,0.0
1n524mk,test,0.058823529411764705,0.0,0.0,0.0,0.0,0.0,0.0
1n573nd,test,0.041666666666666664,0.0,0.0,0.0,0.0,1.0,0.0
1n4a8nw,test,0.1111111111111111,0.0,0.0,0.0,0.0,1.0,0.0
1ne7j9v,test,0.125,0.0,0.0,0.0,0.0,1.0,0.0
1nelzc3,test,0.034482758620689655,0.0,0.0,0.0,0.0,2.0,0.0
1nem7e6,test,0.01056338028169014,0.0,0.0,0.0,0.0,1.0,0.0
1neftmf,test,0.0625,0.0,0.0,0.0,0.0,0.0,0.0
1ne4fz6,test,0.03571428571428571,0.0,0.0,0.0,0.0,1.0,0.0
1nibeql,test,0.02857142857142857,0.0,0.0,0.0,0.0,2.0,0.0
1nirter,test,0.13636363636363635,0.0,1.0,0.0,0.0,1.0,0.0
1nihv2k,test,0.016129032258064516,0.0,0.0,0.0,0.0,0.0,0.0
1nikn67,test,0.06666666666666667,0.0,0.0,0.0,0.0,1.0,0.0
1nii41n,test,0.00881057268722467,0.0,0.0,0.0,0.0,1.0,0.0
1nibfqs,test,0.0,0.0,0.0,0.0,0.0,0.0,0.0
1njb1ni,test,0.011904761904761904,0.0,0.0,0.0,0.0,1.0,0.0
1njcvyp,test,0.008849557522123894,0.0,0.0,0.0,0.0,1.0,0.0
1njhwo0,test,0.1111111111111111,0.0,0.0,0.0,0.0,1.0,0.0
1njddp4,test,0.011441647597254004,0.0,0.0,0.0,0.0,1.0,0.0
1njit8e,test,0.011461318051575931,0.0,0.0,0.0,0.0,1.0,0.0
1nd70x5,test,0.013888888888888888,0.0,0.0,0.0,0.0,0.0,0.0
1ndi26r,test,0.058823529411764705,0.0,0.0,0.0,0.0,0.0,0.0
1ndee5b,test,0.005208333333333333,0.0,0.0,0.0,0.0,3.0,0.0
1naogof,test,0.125,0.0,0.0,0.0,0.0,1.0,0.0
1nchgmd,test,0.016,0.0,0.0,0.0,0.0,0.0,0.0
1ncgzxa,test,0.1111111111111111,0.0,0.0,0.0,0.0,1.0,0.0
1nc8va5,test,0.018867924528301886,0.0,1.0,0.0,0.0,1.0,0.0
1nbjfs9,test,0.0,0.0,0.0,0.0,0.0,0.0,0.0
1nbprn1,test,0.14285714285714285,0.0,0.0,0.0,0.0,1.0,0.0
1nhuxay,test,0.021739130434782608,0.0,0.0,0.0,0.0,1.0,0.0
1ni7b0d,test,0.0072992700729927005,0.0,0.0,0.0,0.0,4.0,0.0
1nfbzja,test,0.02112676056338028,0.0,0.0,0.0,0.0,1.0,0.0
1nf6lnv,test,0.034482758620689655,0.0,0.0,0.0,0.0,1.0,0.0
1nfp6es,test,0.05263157894736842,0.0,0.0,0.0,0.0,1.0,0.0
1nfy0jz,test,0.021739130434782608,0.0,0.0,0.0,0.0,1.0,0.0
1nasvya,test,0.2857142857142857,0.0,0.0,0.0,0.0,1.0,0.0
1ngbhha,test,0.023255813953488372,0.0,0.0,0.0,0.0,1.0,0.0
1n9aaer,test,0.125,0.0,0.0,0.0,0.0,1.0,0.0
1n73fgy,test,0.08333333333333333,0.0,0.0,0.0,0.0,1.0,0.0
1n6ru58,test,0.0,0.0,0.0,0.0,0.0,0.0,0.0
1ne5tpg,test,0.0,0.0,0.0,0.0,0.0,0.0,0.0
1neh6fg,test,0.0,0.0,0.0,0.0,0.0,0.0,0.0
1n7aryr,test,0.031746031746031744,0.0,0.0,0.0,0.0,0.0,0.0
1n8tz3u,test,0.0,0.0,0.0,0.0,0.0,0.0,0.0
1n8m14t,test,0.020689655172413793,0.0,0.0,1.0,0.0,1.0,0.0
1n9pw7o,test,0.0,0.0,0.0,0.0,0.0,0.0,0.0
1n6s0vb,test,0.012048192771084338,0.0,0.0,0.0,0.0,0.0,0.0
1n6pu8u,test,0.0,0.0,0.0,0.0,0.0,0.0,0.0
1n6qk3s,test,0.02127659574468085,0.0,0.0,0.0,0.0,1.0,0.0
1ncjryh,test,0.02631578947368421,0.0,0.0,0.0,0.0,0.0,0.0
1n68dhc,test,0.0,0.0,0.0,0.0,0.0,0.0,0.0
1na6r24,test,0.005714285714285714,0.0,0.0,0.0,0.0,1.0,0.0
1na31du,test,0.004347826086956522,0.0,0.0,0.0,0.0,0.0,0.0
1ni5d24,test,0.009345794392523364,0.0,0.0,0.0,0.0,0.0,0.0
1nhww85,test,0.1111111111111111,0.0,0.0,0.0,0.0,2.0,0.0
1nhpm6x,test,0.0,0.0,0.0,0.0,0.0,0.0,0.0
1ni18qv,test,0.0410958904109589,0.0,0.0,0.0,0.0,0.0,0.0
1n4u1qq,test,0.018518518518518517,0.0,0.0,0.0,0.0,5.0,0.0
1n4w7bj,test,0.022058823529411766,0.0,0.0,0.0,0.0,6.0,0.0
1n44yhl,test,0.009523809523809525,0.0,0.0,0.0,0.0,0.0,0.0
1n7jpmd,test,0.045454545454545456,0.0,0.0,0.0,0.0,0.0,0.0
1n8syrd,test,0.038461538461538464,0.0,0.0,0.0,0.0,1.0,0.0
1n88yn1,test,0.0,0.0,0.0,0.0,0.0,0.0,0.0
1n9fsu4,test,0.1,0.0,0.0,0.0,0.0,0.0,0.0
1nen45w,test,0.1111111111111111,0.0,0.0,0.0,0.0,0.0,0.0
1ne874g,test,0.058823529411764705,0.0,0.0,0.0,0.0,1.0,0.0
1nijiz7,test,0.08333333333333333,0.0,0.0,0.0,0.0,0.0,0.0
1nizjbi,test,0.15384615384615385,0.0,0.0,0.0,0.0,1.0,0.0
1njfhkd,test,0.043478260869565216,0.0,0.0,0.0,0.0,1.0,0.0
1njblbt,test,0.0,0.0,0.0,0.0,0.0,0.0,0.0
1njcfii,test,0.3,0.0,0.0,0.0,0.0,1.0,0.0
1ndo4n3,test,0.1111111111111111,0.0,0.0,0.0,0.0,0.0,0.0
1ndhdhb,test,0.06666666666666667,1.0,1.0,0.0,0.0,0.0,0.0
1naqo43,test,0.05555555555555555,0.0,0.0,0.0,0.0,0.0,1.0
1ncj1v4,test,0.015151515151515152,0.0,0.0,0.0,0.0,0.0,0.0
1n5siza,test,0.09090909090909091,0.0,0.0,0.0,0.0,0.0,0.0
1na1q8g,test,0.009523809523809525,0.0,0.0,0.0,0.0,1.0,0.0
1nglvjj,test,0.03333333333333333,0.0,0.0,0.0,0.0,1.0,0.0
1n484lr,test,0.09090909090909091,0.0,0.0,0.0,0.0,0.0,0.0
1kkfjn0,test,0.016129032258064516,0.0,0.0,0.0,0.0,0.0,0.0
1lpqrkh,test,0.0056179775280898875,0.0,0.0,0.0,0.0,0.0,0.0
1mb7qot,test,0.011111111111111112,0.0,0.0,0.0,0.0,0.0,0.0
1mj2c7a,test,0.14285714285714285,0.0,0.0,0.0,0.0,0.0,0.0
1mx8y7f,test,0.014084507042253521,0.0,0.0,0.0,0.0,2.0,0.0
1lcs2t2,test,0.1,0.0,0.0,0.0,0.0,1.0,0.0
1l35ozi,test,0.09090909090909091,0.0,0.0,0.0,0.0,0.0,0.0
1lfluxv,test,0.022058823529411766,0.0,0.0,0.0,0.0,4.0,0.0
1ljm719,test,0.034782608695652174,0.0,0.0,0.0,0.0,2.0,0.0
1lhocqt,test,0.025,0.0,0.0,0.0,0.0,0.0,0.0
1n919bv,test,0.013157894736842105,0.0,0.0,0.0,0.0,0.0,0.0
1n992pw,test,0.1,0.0,0.0,0.0,0.0,0.0,0.0
1nixkqa,test,0.03278688524590164,0.0,0.0,0.0,0.0,0.0,0.0
1nihj7x,test,0.01532567049808429,0.0,0.0,0.0,0.0,1.0,0.0
1njag76,test,0.09090909090909091,0.0,0.0,0.0,0.0,0.0,0.0
1nd765v,test,0.01818181818181818,0.0,0.0,0.0,0.0,0.0,0.0
1naot41,test,0.04,0.0,0.0,0.0,0.0,3.0,0.0
1naou57,test,0.029411764705882353,0.0,0.0,0.0,0.0,2.0,0.0
1nbw0dy,test,0.006024096385542169,0.0,0.0,0.0,0.0,0.0,0.0
1na1qit,test,0.01893939393939394,0.0,0.0,0.0,0.0,1.0,1.0
1n9x2ft,test,0.008948545861297539,1.0,1.0,0.0,0.0,7.0,0.0
1na2lxx,test,0.011363636363636364,0.0,0.0,0.0,0.0,2.0,0.0
1nabu2n,test,0.008849557522123894,0.0,0.0,0.0,0.0,0.0,0.0
1nahoa3,test,0.006172839506172839,0.0,0.0,0.0,0.0,0.0,0.0
1n9zxvs,test,0.010309278350515464,1.0,1.0,0.0,0.0,1.0,0.0
1ni1n4a,test,0.011834319526627219,0.0,0.0,1.0,0.0,0.0,0.0
1nhu7qk,test,0.061224489795918366,0.0,0.0,0.0,0.0,1.0,0.0
1nhz773,test,0.02,0.0,0.0,0.0,0.0,0.0,1.0
1nfi9i2,test,0.003179650238473768,0.0,0.0,0.0,0.0,0.0,0.0
1nfwjl3,test,0.07142857142857142,0.0,0.0,0.0,0.0,0.0,0.0
1ng7gfo,test,0.018957345971563982,0.0,0.0,0.0,0.0,2.0,0.0
1nfwmku,test,0.1,0.0,0.0,0.0,0.0,1.0,0.0
1ngckbz,test,0.16666666666666666,0.0,0.0,0.0,0.0,2.0,0.0
1ngbon9,test,0.009966777408637873,0.0,0.0,0.0,0.0,1.0,0.0
1ng3ucv,test,0.012145748987854251,0.0,0.0,1.0,0.0,1.0,0.0
1nfvzc9,test,0.02247191011235955,0.0,0.0,0.0,0.0,4.0,0.0
1ng5zl7,test,0.014354066985645933,0.0,0.0,0.0,0.0,2.0,0.0
1ngzopy,test,0.05,0.0,0.0,0.0,0.0,1.0,0.0
1ngxjtm,test,0.007272727272727273,0.0,0.0,0.0,0.0,2.0,0.0
1nh99ng,test,0.022222222222222223,0.0,0.0,0.0,0.0,1.0,0.0
1ngk5mn,test,0.03225806451612903,0.0,0.0,0.0,0.0,1.0,0.0
1n8v1rg,test,0.06666666666666667,0.0,0.0,0.0,0.0,1.0,0.0
1n8n1lb,test,0.045454545454545456,0.0,0.0,0.0,0.0,0.0,0.0
1n86s3w,test,0.08333333333333333,0.0,0.0,0.0,0.0,1.0,0.0
1nb4bli,test,0.045454545454545456,0.0,1.0,0.0,0.0,0.0,0.0
1nc9itd,test,0.0,0.0,0.0,0.0,0.0,0.0,0.0
1n4cu3k,test,0.06060606060606061,2.0,3.0,0.0,0.0,0.0,0.0
1n99nua,test,0.0,0.0,0.0,0.0,0.0,0.0,0.0
1n75mz6,test,0.07692307692307693,0.0,0.0,0.0,0.0,0.0,0.0
1n6q3nr,test,0.0,0.0,0.0,0.0,0.0,0.0,0.0
1negfc1,test,0.0,0.0,0.0,0.0,0.0,0.0,0.0
1nig7mp,test,0.0,0.0,0.0,0.0,0.0,0.0,0.0
1nbo2dp,test,0.0,0.0,0.0,0.0,0.0,0.0,0.0
1nfb488,test,0.1,0.0,0.0,0.0,0.0,1.0,0.0
1nf7ez8,test,0.07142857142857142,0.0,0.0,0.0,0.0,1.0,0.0
1nfpo5j,test,0.0,0.0,0.0,0.0,0.0,0.0,0.0
