case_id,family,required,reserved_for_after_extension,oracle_should_alarm,original_detected,extension_detected,detection_status,expected_exception_detected,evaluation_error,unexpected_errors,false_positive,non_detection,partial_detection,original_detected_before_refresh,original_detected_after_refresh,extension_check_ids,mutation_summary,notes
E1-C0-pristine-copy,valid_control,True,False,False,False,False,control_passed,False,False,[],False,False,False,False,False,,"{""mutation"": ""none""}",No detector reports a discontinuity; counts match baseline.
E1-C1-trace-row-permutation,valid_control,True,False,False,False,False,control_passed,False,False,[],False,False,False,False,False,,"{""mutation"": ""trace rows reversed"", ""rows"": 9454}",No false positive; row order is not treated as a scientific identity relation for traceability rows.
E1-C2-rdf-triple-order-reserialization,valid_control,True,True,False,False,False,control_passed,False,False,[],False,False,False,False,False,,"{""mutation"": ""rdf graph reserialized"", ""triples"": 15616}",No continuity exception after graph-level comparison; byte hash difference is reported only as serialization difference.
E1-C3-regenerated-reports-unchanged-inputs,valid_control,True,False,False,False,False,control_passed,False,False,[],False,False,False,False,False,,"{""mutation"": ""none; detectors regenerate reports""}",Report timestamps or serialization details may change; scientific counts and status do not.
E1-I1-remove-selected-trace-row,identity,True,False,True,True,False,detected_by_original,False,False,[],False,False,False,True,True,,"{""removed_trace"": {""concept_uri"": """", ""feature"": ""ont_domain_density"", ""label"": ""2"", ""module"": ""global_counts"", ""post_id"": ""1mug8n6"", ""post_iri"": ""http://wfrp.ia/resource/reddit/post/1mug8n6"", ""split"": ""train"", ""used_downstream"": """", ""value"": ""0.0416666666666666""}, ""rows_after"": 9453}",Detector reports the missing post_id-feature relation and status is attention_required or equivalent failure.
E1-I2-remove-rdf-post-resource,identity,True,False,True,False,True,detected_by_extension,False,False,[],False,False,True,False,False,rdf_inventory_against_gold,"{""removed_post_id"": ""1mug8n6"", ""removed_triples"": 9}",Extension reports missing RDF resource for the Gold post ID; original miss is preserved if observed.
E1-I3-add-extra-valid-rdf-post,identity,True,True,True,False,True,detected_by_extension,False,False,[],False,False,True,False,False,rdf_inventory_against_gold,"{""extra_post_id"": ""e1extra001"", ""extra_post_iri"": ""http://wfrp.ia/resource/reddit/post/e1extra001""}",Extension identifies extra RDF post ID without calling it a SHACL violation.
E1-U1-duplicate-trace-key,uniqueness,True,False,True,True,False,detected_by_original,False,False,[],False,False,False,True,True,,"{""duplicated_trace"": {""concept_uri"": """", ""feature"": ""ont_domain_density"", ""label"": ""2"", ""module"": ""global_counts"", ""post_id"": ""1mug8n6"", ""post_iri"": ""http://wfrp.ia/resource/reddit/post/1mug8n6"", ""split"": ""train"", ""used_downstream"": """", ""value"": ""0.0416666666666666""}}",Duplicate key count is positive and duplicated key is listed.
E1-U2-duplicate-split-id,uniqueness,True,False,True,True,False,detected_by_original,True,False,[],False,False,False,False,False,,"{""displaced_id"": ""1n111of"", ""duplicated_id"": ""1mug8n6"", ""split"": ""train""}",The duplicate ID and missing displaced ID are reported.
E1-U3-duplicate-prediction-id,uniqueness,True,False,True,True,True,detected_by_original,False,False,[],False,False,False,True,True,prediction_output_fingerprint_check,"{""displaced_id"": ""1n02v38"", ""duplicated_id"": ""1n1plgb"", ""prediction_file"": ""LR_ENR_seed42_test_predictions_v2.csv""}",Prediction duplicate count is positive and the missing test ID is reported.
E1-R1-swap-selected-matrix-rows,row_alignment,True,True,True,False,True,detected_by_extension,False,False,[],False,False,True,False,False,matrix_manifest_rechecker,"{""matrix"": ""test_raw_float64.npy"", ""post_ids"": [""1n1plgb"", ""1n02v38""], ""swapped_rows"": [0, 1]}",Recomputed matrix_sha256 differs and row-level comparison identifies the two affected IDs.
E1-R2-reorder-predictions-against-contract,row_alignment,True,False,True,True,True,detected_by_original,False,False,[],False,False,False,False,True,prediction_output_fingerprint_check,"{""mutation"": ""rows reversed"", ""prediction_file"": ""LR_ENR_seed42_test_predictions_v2.csv""}",Order-sensitive run-linkage detector flags the mismatch; set-based pass is recorded as partial detection.
E1-COL1-swap-matrix-columns,column_alignment,True,False,True,False,True,detected_by_extension,False,False,[],False,False,True,False,False,matrix_manifest_rechecker,"{""features"": [""ont_domain_density"", ""ont_total_negativo_mentions""], ""matrix"": ""test_raw_float64.npy"", ""swapped_columns"": [0, 1]}",Recomputed matrix_sha256 differs and column-level comparison identifies swapped features.
E1-COL2-unknown-selected-feature,column_alignment,True,False,True,True,False,detected_by_original,False,True,"[{'phase': 'original_after_refresh', 'script': 'audit_model_input_cells.py', 'returncode': 1, 'stderr_head': 'Traceback (most recent call last):\n  File ""experiments/controlled_discontinuities/evidence/continuity/cases/E1-COL2-unknown-selected-feature/package/scripts/experiments/audit_model_input_cells.py"", line 425, in <module>\n    main()\n    ~~~~^^\n  File ""experiments/controlled_discontinuities/evidence/continuity/cases/E1-COL2-unknown-selected-feature/package/scripts/experiments/audit_model_in'}]",False,False,False,True,True,,"{""injected_feature"": ""ont_E1_Injected_Unknown"", ""replaced_feature"": ""ont_domain_density""}",Missing/untraced feature list includes the injected feature.
E1-V1-corrupt-selected-gold-cell,value,True,False,True,True,True,detected_by_original,False,False,[],False,False,False,False,True,matrix_manifest_rechecker,"{""feature"": ""ont_domain_density"", ""new"": 0.16666666666666666, ""old"": 0.041666666666666664, ""post_id"": ""1mug8n6""}",Value mismatch count is positive and affected cell is listed.
E1-V2-corrupt-trace-value,value,True,True,True,True,False,detected_by_original,False,False,[],False,False,False,False,True,,"{""feature"": ""ont_domain_density"", ""new"": 0.1666666666666666, ""old"": 0.0416666666666666, ""post_id"": ""1mug8n6""}",Trace mismatch is localized to the mutated post_id-feature pair.
E1-V3-corrupt-standardized-matrix-cell,value,True,False,True,False,True,detected_by_extension,False,False,[],False,False,True,False,False,matrix_manifest_rechecker,"{""feature"": ""ont_domain_density"", ""matrix"": ""test_train_standardized_float64.npy"", ""new"": -0.8207374848165924, ""old"": -0.9457374848165924, ""post_id"": ""1n1plgb"", ""row"": 0}",Recomputed standardized value/fingerprint differs and cell is localized.
E1-P1-move-id-between-splits,partition,True,False,True,True,False,detected_by_original,False,False,[],False,False,False,True,True,,"{""test_to_train"": ""1n1plgb"", ""train_to_test"": ""1mug8n6""}",Moved IDs are listed and status is attention_required.
E1-P2-nontest-prediction-row,partition,True,False,True,True,True,detected_by_original,False,False,[],False,False,False,True,True,prediction_output_fingerprint_check,"{""new_split"": ""train"", ""post_id"": ""1n1plgb"", ""prediction_file"": ""LR_ENR_seed42_test_predictions_v2.csv""}",Prediction split mismatch count is positive and affected row is identified.
E1-RDF1-break-trace-post-iri,rdf_link,True,False,True,True,False,detected_by_original,False,False,[],False,False,False,True,True,,"{""feature"": ""ont_domain_density"", ""new_iri"": ""http://wfrp.ia/resource/reddit/post/1mug8n6_broken"", ""old_iri"": ""http://wfrp.ia/resource/reddit/post/1mug8n6"", ""post_id"": ""1mug8n6""}",Affected post_id-feature IRI mismatch is localized.
E1-RDF2-remove-trataSobre-for-active-concept,rdf_link,True,True,True,False,True,detected_by_extension,False,False,[],False,False,True,False,False,rdf_inventory_against_gold,"{""post_id"": ""1mug8n6"", ""removed_triple"": [""http://wfrp.ia/resource/reddit/post/1mug8n6"", ""http://wfrp.ia/ontologia/ia-sentimiento#trataSobre"", ""http://wfrp.ia/dominio/ciencia-tecnologia#Datos""]}",Extension reports missing concept assertion and SHACL pass is interpreted as a declared limit.
E1-RDF3-invalid-domain-concept-iri,rdf_link,True,False,True,True,True,detected_by_original,False,False,[],False,False,False,False,True,rdf_inventory_against_gold,"{""new_concept"": ""http://wfrp.ia/dominio/ciencia-tecnologia#E1InvalidConcept"", ""old_concept"": ""http://wfrp.ia/dominio/ciencia-tecnologia#Tecnologia"", ""post_iri"": ""http://wfrp.ia/resource/reddit/post/1kkfjn0""}",SHACL report identifies rr:trataSobre or rr:perteneceDominio concept target violation.
E1-PR1-wrong-y-true,prediction_assignment,True,False,True,True,True,detected_by_original,False,False,[],False,False,False,True,True,prediction_output_fingerprint_check,"{""new_y_true"": 1, ""old_y_true"": 0, ""post_id"": ""1n1plgb"", ""prediction_file"": ""LR_ENR_seed42_test_predictions_v2.csv""}",Mismatch is reported for the mutated post_id.
E1-PR2-permute-y-pred-only,prediction_assignment,True,True,True,False,True,detected_by_extension,False,False,[],False,False,True,False,False,prediction_output_fingerprint_check,"{""new_y_pred_order_sha256"": ""b5c227c83d6a09d5219d855bb28445ba75681290b35e6afaaa85e254691655f9"", ""old_y_pred_order_sha256"": ""71b825cc2313f15938ed56c98a774f2409604c06e6c0c06eb5be17a67eac9a14"", ""prediction_file"": ""LR_ENR_seed42_test_predictions_v2.csv""}",Extension detects ordered prediction-assignment hash mismatch; original non-detection is documented.
E1-SR1-stale-traceability-success-report,stale_report,True,False,True,True,False,detected_by_original,False,False,[],False,False,False,True,True,,"{""removed_trace"": {""concept_uri"": """", ""feature"": ""ont_domain_density"", ""label"": ""2"", ""module"": ""global_counts"", ""post_id"": ""1mug8n6"", ""post_iri"": ""http://wfrp.ia/resource/reddit/post/1mug8n6"", ""split"": ""train"", ""used_downstream"": """", ""value"": ""0.0416666666666666""}, ""rows_after"": 9453}",Harness fails the stale report even before accepting chain reconciliation output.
E1-SR2-stale-shacl-success-report,stale_report,True,True,True,True,True,detected_by_original,False,False,[],False,False,False,False,True,rdf_inventory_against_gold,"{""new_concept"": ""http://wfrp.ia/dominio/ciencia-tecnologia#E1InvalidConcept"", ""old_concept"": ""http://wfrp.ia/dominio/ciencia-tecnologia#Tecnologia"", ""post_iri"": ""http://wfrp.ia/resource/reddit/post/1kkfjn0""}",Stale report is rejected and regenerated SHACL report exposes the violation.
